img_name,label,fold,count,grade,split,category
he_0.jpg,0,4,64,-1.0,2,surgery
he_1.jpg,0,2,64,-1.0,2,surgery
he_2.jpg,0,1,64,-1.0,0,surgery
he_3.jpg,0,3,64,-1.0,0,surgery
he_4.jpg,0,4,64,-1.0,0,surgery
he_5.jpg,0,1,64,-1.0,1,surgery
he_6.jpg,0,4,64,-1.0,0,surgery
he_7.jpg,0,2,64,-1.0,0,surgery
he_8.jpg,0,5,64,-1.0,1,surgery
he_9.jpg,0,3,64,-1.0,2,surgery
he_10.jpg,0,2,64,-1.0,2,surgery
he_11.jpg,0,3,64,-1.0,1,surgery
he_12.jpg,0,4,64,-1.0,0,surgery
he_13.jpg,0,1,64,-1.0,0,surgery
he_14.jpg,0,5,64,-1.0,2,surgery
he_15.jpg,0,4,64,-1.0,2,surgery
he_16.jpg,0,2,64,-1.0,2,surgery
he_17.jpg,0,5,64,-1.0,0,surgery
he_18.jpg,0,4,64,-1.0,2,surgery
he_19.jpg,0,5,64,-1.0,1,surgery
he_20.jpg,0,3,64,-1.0,0,surgery
he_21.jpg,0,3,64,-1.0,2,surgery
he_22.jpg,0,4,64,-1.0,0,surgery
he_23.jpg,0,5,64,-1.0,0,surgery
he_24.jpg,0,2,64,-1.0,0,surgery
he_25.jpg,0,3,64,-1.0,0,surgery
he_26.jpg,0,1,64,-1.0,0,surgery
he_27.jpg,0,5,64,-1.0,1,surgery
he_28.jpg,0,3,64,-1.0,0,surgery
he_29.jpg,0,3,64,-1.0,2,surgery
he_30.jpg,0,4,64,-1.0,2,surgery
he_31.jpg,0,2,64,-1.0,0,surgery
he_32.jpg,0,1,64,-1.0,0,surgery
he_33.jpg,0,5,64,-1.0,0,surgery
he_34.jpg,0,3,64,-1.0,1,surgery
he_35.jpg,0,4,64,-1.0,1,surgery
he_36.jpg,0,5,64,-1.0,0,surgery
he_37.jpg,0,3,64,-1.0,0,surgery
he_38.jpg,0,1,64,-1.0,0,surgery
he_39.jpg,0,3,64,-1.0,1,surgery
he_40.jpg,0,1,64,-1.0,0,surgery
he_41.jpg,0,5,64,-1.0,1,surgery
he_42.jpg,0,4,64,-1.0,1,surgery
he_43.jpg,0,4,64,-1.0,0,surgery
he_44.jpg,0,3,64,-1.0,0,surgery
he_45.jpg,0,2,64,-1.0,1,surgery
he_46.jpg,0,2,64,-1.0,0,surgery
he_47.jpg,0,2,64,-1.0,2,surgery
he_48.jpg,0,2,64,-1.0,1,surgery
he_49.jpg,0,5,64,-1.0,0,surgery
he_50.jpg,0,5,64,-1.0,2,surgery
he_51.jpg,0,2,64,-1.0,0,surgery
he_52.jpg,0,5,64,-1.0,1,surgery
he_53.jpg,0,3,64,-1.0,0,surgery
he_54.jpg,0,3,64,-1.0,1,surgery
he_55.jpg,0,4,64,-1.0,0,surgery
he_56.jpg,0,1,64,-1.0,0,surgery
he_57.jpg,0,3,64,-1.0,0,surgery
he_58.jpg,0,1,64,-1.0,0,surgery
he_59.jpg,0,2,64,-1.0,1,surgery
he_60.jpg,0,4,64,-1.0,0,surgery
he_61.jpg,0,3,64,-1.0,2,surgery
he_62.jpg,0,5,64,-1.0,0,surgery
he_63.jpg,0,1,64,-1.0,0,surgery
he_64.jpg,0,3,64,-1.0,0,surgery
he_65.jpg,0,5,64,-1.0,2,surgery
he_66.jpg,0,2,64,-1.0,0,surgery
he_67.jpg,0,5,64,-1.0,2,surgery
he_68.jpg,0,3,64,-1.0,2,surgery
he_69.jpg,0,1,64,-1.0,0,surgery
he_70.jpg,0,4,64,-1.0,2,surgery
he_71.jpg,0,5,64,-1.0,0,surgery
he_72.jpg,0,2,64,-1.0,2,surgery
he_73.jpg,0,1,64,-1.0,1,surgery
he_74.jpg,0,2,64,-1.0,1,surgery
he_75.jpg,0,1,64,-1.0,0,surgery
he_76.jpg,0,4,64,-1.0,0,surgery
he_77.jpg,0,3,64,-1.0,1,surgery
he_78.jpg,0,2,64,-1.0,1,surgery
he_79.jpg,0,5,64,-1.0,1,surgery
he_80.jpg,0,2,64,-1.0,0,surgery
he_81.jpg,0,5,64,-1.0,0,surgery
he_82.jpg,0,5,64,-1.0,1,surgery
he_83.jpg,0,2,64,-1.0,0,surgery
he_84.jpg,0,4,64,-1.0,0,surgery
he_85.jpg,0,4,64,-1.0,0,surgery
he_86.jpg,0,1,64,-1.0,0,surgery
he_87.jpg,0,3,64,-1.0,1,surgery
he_88.jpg,0,3,64,-1.0,2,surgery
he_89.jpg,0,1,64,-1.0,0,surgery
he_90.jpg,0,1,64,-1.0,0,surgery
he_91.jpg,0,1,64,-1.0,0,surgery
he_92.jpg,0,2,64,-1.0,2,surgery
he_93.jpg,0,4,64,-1.0,2,surgery
he_94.jpg,0,1,64,-1.0,0,surgery
he_95.jpg,0,3,64,-1.0,0,surgery
he_96.jpg,0,1,64,-1.0,0,surgery
he_97.jpg,0,3,64,-1.0,0,surgery
he_98.jpg,0,5,64,-1.0,0,surgery
he_99.jpg,0,2,64,-1.0,1,surgery
he_100.jpg,0,2,64,-1.0,0,surgery
he_101.jpg,0,5,64,-1.0,1,surgery
he_102.jpg,0,3,64,-1.0,0,surgery
he_103.jpg,0,2,64,-1.0,0,surgery
he_104.jpg,0,1,64,-1.0,0,surgery
he_105.jpg,0,2,64,-1.0,0,surgery
he_106.jpg,0,1,64,-1.0,2,surgery
he_107.jpg,0,3,64,-1.0,0,surgery
he_108.jpg,0,1,64,-1.0,0,surgery
he_109.jpg,0,5,64,-1.0,1,surgery
he_110.jpg,0,4,64,-1.0,0,surgery
he_111.jpg,0,4,64,-1.0,2,surgery
he_112.jpg,0,4,64,-1.0,0,surgery
he_113.jpg,0,1,64,-1.0,0,surgery
he_114.jpg,0,4,64,-1.0,1,surgery
he_115.jpg,0,4,64,-1.0,0,surgery
he_116.jpg,0,3,64,-1.0,2,surgery
he_117.jpg,0,3,64,-1.0,1,surgery
he_118.jpg,0,1,64,-1.0,0,surgery
he_119.jpg,0,1,64,-1.0,0,surgery
he_120.jpg,0,3,64,-1.0,0,surgery
he_121.jpg,0,3,64,-1.0,0,surgery
he_122.jpg,0,3,64,-1.0,1,surgery
he_123.jpg,0,2,64,-1.0,0,surgery
he_124.jpg,0,1,64,-1.0,0,surgery
he_125.jpg,0,4,64,-1.0,2,surgery
he_126.jpg,0,1,64,-1.0,0,surgery
he_127.jpg,0,4,64,-1.0,2,surgery
he_128.jpg,0,5,64,-1.0,1,surgery
he_129.jpg,0,4,64,-1.0,2,surgery
he_130.jpg,0,1,64,-1.0,0,surgery
he_131.jpg,0,1,64,-1.0,0,surgery
he_132.jpg,0,4,64,-1.0,2,surgery
he_133.jpg,0,4,64,-1.0,0,surgery
he_134.jpg,0,1,64,-1.0,0,surgery
he_135.jpg,0,3,64,-1.0,0,surgery
he_136.jpg,0,3,64,-1.0,0,surgery
he_137.jpg,0,4,64,-1.0,0,surgery
he_138.jpg,0,1,64,-1.0,0,surgery
he_139.jpg,0,2,64,-1.0,0,surgery
he_140.jpg,0,4,64,-1.0,2,surgery
he_141.jpg,0,2,64,-1.0,0,surgery
he_142.jpg,0,3,64,-1.0,0,surgery
he_143.jpg,0,4,64,-1.0,2,surgery
he_144.jpg,0,1,64,-1.0,0,surgery
he_145.jpg,0,1,64,-1.0,1,surgery
he_146.jpg,0,5,64,-1.0,2,surgery
he_147.jpg,0,5,64,-1.0,1,surgery
he_148.jpg,0,4,64,-1.0,2,surgery
he_149.jpg,0,3,64,-1.0,0,surgery
he_150.jpg,0,5,64,-1.0,0,surgery
he_151.jpg,0,2,64,-1.0,0,surgery
he_152.jpg,0,1,64,-1.0,0,surgery
he_153.jpg,0,4,64,-1.0,2,surgery
he_154.jpg,0,2,64,-1.0,0,surgery
he_155.jpg,0,3,64,-1.0,1,surgery
he_156.jpg,0,3,64,-1.0,0,surgery
he_157.jpg,0,3,64,-1.0,1,surgery
he_158.jpg,0,2,64,-1.0,0,surgery
he_159.jpg,0,1,64,-1.0,0,surgery
he_160.jpg,0,2,64,-1.0,0,surgery
he_161.jpg,0,4,64,-1.0,2,surgery
he_162.jpg,0,4,64,-1.0,2,surgery
he_163.jpg,0,5,64,-1.0,1,surgery
he_164.jpg,0,4,64,-1.0,0,surgery
he_165.jpg,0,1,64,-1.0,0,surgery
he_166.jpg,0,3,64,-1.0,0,surgery
he_167.jpg,0,1,64,-1.0,0,surgery
he_168.jpg,0,4,64,-1.0,2,surgery
he_169.jpg,0,3,64,-1.0,1,surgery
he_170.jpg,0,2,64,-1.0,1,surgery
he_171.jpg,0,1,64,-1.0,1,surgery
he_172.jpg,0,4,64,-1.0,0,surgery
he_173.jpg,0,1,64,-1.0,0,surgery
he_174.jpg,0,1,64,-1.0,0,surgery
he_175.jpg,0,5,64,-1.0,2,surgery
he_176.jpg,0,5,64,-1.0,0,surgery
he_177.jpg,0,3,64,-1.0,2,surgery
he_178.jpg,0,3,64,-1.0,0,surgery
he_179.jpg,0,2,64,-1.0,0,surgery
he_180.jpg,0,5,64,-1.0,2,surgery
he_181.jpg,0,4,64,-1.0,2,surgery
he_182.jpg,0,4,64,-1.0,0,surgery
he_183.jpg,0,5,64,-1.0,0,surgery
he_184.jpg,0,3,64,-1.0,2,surgery
he_185.jpg,0,5,64,-1.0,2,surgery
he_186.jpg,0,3,64,-1.0,0,surgery
he_187.jpg,0,5,64,-1.0,1,surgery
he_188.jpg,0,2,64,-1.0,0,surgery
he_189.jpg,0,1,64,-1.0,0,surgery
he_190.jpg,0,2,64,-1.0,0,surgery
he_191.jpg,0,4,64,-1.0,0,surgery
he_192.jpg,0,5,64,-1.0,0,surgery
he_193.jpg,0,5,64,-1.0,0,surgery
he_194.jpg,0,4,64,-1.0,0,surgery
he_195.jpg,0,1,64,-1.0,0,surgery
he_196.jpg,0,5,64,-1.0,2,surgery
he_197.jpg,0,3,64,-1.0,0,surgery
he_198.jpg,0,1,64,-1.0,0,surgery
he_199.jpg,0,4,64,-1.0,2,surgery
he_200.jpg,0,5,64,-1.0,2,surgery
he_201.jpg,0,3,64,-1.0,0,surgery
he_202.jpg,0,4,64,-1.0,2,surgery
he_203.jpg,0,4,64,-1.0,1,surgery
he_204.jpg,0,2,64,-1.0,2,surgery
he_205.jpg,0,1,64,-1.0,0,surgery
he_206.jpg,0,3,64,-1.0,0,surgery
he_207.jpg,0,5,64,-1.0,1,surgery
he_208.jpg,0,3,64,-1.0,0,surgery
he_209.jpg,0,2,64,-1.0,1,surgery
he_210.jpg,0,2,64,-1.0,0,surgery
he_211.jpg,0,2,64,-1.0,0,surgery
he_212.jpg,0,1,64,-1.0,0,surgery
he_213.jpg,0,4,64,-1.0,2,surgery
he_214.jpg,0,3,64,-1.0,1,surgery
he_215.jpg,0,2,64,-1.0,0,surgery
he_216.jpg,0,4,64,-1.0,0,surgery
he_217.jpg,0,5,64,-1.0,0,surgery
he_218.jpg,0,5,64,-1.0,1,surgery
he_219.jpg,0,4,64,-1.0,1,surgery
he_220.jpg,0,5,64,-1.0,1,surgery
he_221.jpg,0,3,64,-1.0,1,surgery
he_222.jpg,0,2,64,-1.0,0,surgery
he_223.jpg,0,2,64,-1.0,0,surgery
he_224.jpg,0,3,64,-1.0,0,surgery
he_225.jpg,0,2,64,-1.0,1,surgery
he_226.jpg,0,2,64,-1.0,0,surgery
he_227.jpg,0,3,64,-1.0,0,surgery
he_228.jpg,0,2,64,-1.0,2,surgery
he_229.jpg,0,5,64,-1.0,2,surgery
he_230.jpg,0,5,64,-1.0,0,surgery
he_231.jpg,0,5,64,-1.0,2,surgery
he_232.jpg,0,4,64,-1.0,2,surgery
he_233.jpg,0,4,64,-1.0,2,surgery
he_234.jpg,0,1,64,-1.0,0,surgery
he_235.jpg,0,5,64,-1.0,1,surgery
he_236.jpg,0,3,64,-1.0,0,surgery
he_237.jpg,0,2,64,-1.0,0,surgery
he_238.jpg,0,4,64,-1.0,0,surgery
he_239.jpg,0,4,64,-1.0,2,surgery
he_240.jpg,0,3,64,-1.0,0,surgery
he_241.jpg,0,2,64,-1.0,0,surgery
he_242.jpg,0,1,64,-1.0,0,surgery
he_243.jpg,0,5,64,-1.0,2,surgery
he_244.jpg,0,1,64,-1.0,0,surgery
he_245.jpg,0,2,64,-1.0,1,surgery
he_246.jpg,0,2,64,-1.0,1,surgery
he_247.jpg,0,2,64,-1.0,0,surgery
he_248.jpg,0,4,64,-1.0,0,surgery
he_249.jpg,0,1,64,-1.0,0,surgery
he_250.jpg,0,2,64,-1.0,0,surgery
he_251.jpg,0,1,64,-1.0,0,surgery
he_252.jpg,0,2,64,-1.0,0,surgery
he_253.jpg,0,3,64,-1.0,0,surgery
he_254.jpg,0,5,64,-1.0,2,surgery
he_255.jpg,0,3,64,-1.0,0,surgery
he_256.jpg,0,2,64,-1.0,0,surgery
he_257.jpg,0,5,64,-1.0,2,surgery
he_258.jpg,0,2,64,-1.0,0,surgery
he_259.jpg,0,5,64,-1.0,1,surgery
he_260.jpg,0,2,64,-1.0,0,surgery
he_261.jpg,0,4,64,-1.0,0,surgery
he_262.jpg,0,2,64,-1.0,2,surgery
he_263.jpg,0,4,64,-1.0,0,surgery
he_264.jpg,0,5,64,-1.0,0,surgery
he_265.jpg,0,2,64,-1.0,0,surgery
he_266.jpg,0,3,64,-1.0,1,surgery
he_267.jpg,0,5,64,-1.0,0,surgery
he_268.jpg,0,5,64,-1.0,0,surgery
he_269.jpg,0,4,64,-1.0,0,surgery
he_270.jpg,0,2,64,-1.0,0,surgery
he_271.jpg,0,4,64,-1.0,0,surgery
he_272.jpg,0,3,64,-1.0,1,surgery
he_273.jpg,0,1,64,-1.0,0,surgery
he_274.jpg,0,3,64,-1.0,0,surgery
he_275.jpg,0,3,64,-1.0,0,surgery
he_276.jpg,0,3,64,-1.0,2,surgery
he_277.jpg,0,5,64,-1.0,0,surgery
he_278.jpg,0,1,64,-1.0,0,surgery
he_279.jpg,0,2,64,-1.0,1,surgery
he_280.jpg,0,1,64,-1.0,0,surgery
he_281.jpg,0,1,64,-1.0,0,surgery
he_282.jpg,0,2,64,-1.0,2,surgery
he_283.jpg,0,3,64,-1.0,0,surgery
he_284.jpg,0,2,64,-1.0,0,surgery
he_285.jpg,0,3,64,-1.0,0,surgery
he_286.jpg,0,4,64,-1.0,2,surgery
he_287.jpg,0,5,64,-1.0,2,surgery
he_288.jpg,0,4,64,-1.0,2,surgery
he_289.jpg,0,4,64,-1.0,1,surgery
he_290.jpg,0,1,64,-1.0,0,surgery
he_291.jpg,0,4,64,-1.0,0,surgery
he_292.jpg,0,2,64,-1.0,0,surgery
he_293.jpg,0,1,64,-1.0,0,surgery
he_294.jpg,0,2,64,-1.0,0,surgery
he_295.jpg,0,1,64,-1.0,0,surgery
he_296.jpg,0,5,64,-1.0,1,surgery
he_297.jpg,0,3,64,-1.0,1,surgery
he_298.jpg,0,2,64,-1.0,2,surgery
he_299.jpg,0,1,64,-1.0,0,surgery
he_300.jpg,0,1,64,-1.0,0,surgery
he_301.jpg,0,1,64,-1.0,0,surgery
he_302.jpg,0,2,64,-1.0,2,surgery
he_303.jpg,0,1,64,-1.0,0,surgery
he_304.jpg,0,4,64,-1.0,2,surgery
he_305.jpg,0,4,64,-1.0,1,surgery
he_306.jpg,0,4,64,-1.0,0,surgery
he_307.jpg,0,3,64,-1.0,0,surgery
he_308.jpg,0,3,64,-1.0,0,surgery
he_309.jpg,0,5,64,-1.0,1,surgery
he_310.jpg,0,3,64,-1.0,2,surgery
he_311.jpg,0,2,64,-1.0,0,surgery
he_312.jpg,0,5,64,-1.0,0,surgery
he_313.jpg,0,3,64,-1.0,0,surgery
he_314.jpg,0,2,64,-1.0,0,surgery
he_315.jpg,0,2,64,-1.0,0,surgery
he_316.jpg,0,2,64,-1.0,0,surgery
he_317.jpg,0,4,64,-1.0,0,surgery
he_318.jpg,0,4,64,-1.0,2,surgery
he_319.jpg,0,5,64,-1.0,1,surgery
he_320.jpg,0,2,64,-1.0,0,surgery
he_321.jpg,0,2,64,-1.0,0,surgery
he_322.jpg,0,1,64,-1.0,0,surgery
he_323.jpg,0,2,64,-1.0,0,surgery
he_324.jpg,0,5,64,-1.0,0,surgery
he_325.jpg,0,5,64,-1.0,0,surgery
he_326.jpg,0,1,64,-1.0,0,surgery
he_327.jpg,0,3,64,-1.0,2,surgery
he_328.jpg,0,5,64,-1.0,0,surgery
he_329.jpg,0,2,64,-1.0,1,surgery
he_330.jpg,0,3,64,-1.0,0,surgery
he_331.jpg,0,4,64,-1.0,0,surgery
he_332.jpg,0,3,64,-1.0,1,surgery
he_333.jpg,0,1,64,-1.0,0,surgery
he_334.jpg,0,2,64,-1.0,1,surgery
he_335.jpg,0,2,64,-1.0,0,surgery
he_336.jpg,0,4,64,-1.0,2,surgery
he_337.jpg,0,5,64,-1.0,2,surgery
he_338.jpg,0,3,64,-1.0,0,surgery
he_339.jpg,0,2,64,-1.0,0,surgery
he_340.jpg,0,1,64,-1.0,0,surgery
he_341.jpg,0,1,64,-1.0,0,surgery
he_342.jpg,0,3,64,-1.0,1,surgery
he_343.jpg,0,5,64,-1.0,2,surgery
he_344.jpg,0,5,64,-1.0,0,surgery
he_345.jpg,0,1,64,-1.0,0,surgery
he_346.jpg,0,5,64,-1.0,2,surgery
he_347.jpg,0,3,64,-1.0,0,surgery
he_348.jpg,0,5,64,-1.0,2,surgery
he_349.jpg,0,5,64,-1.0,0,surgery
he_350.jpg,0,4,64,-1.0,0,surgery
he_351.jpg,0,3,64,-1.0,0,surgery
he_352.jpg,0,2,64,-1.0,0,surgery
he_353.jpg,0,2,64,-1.0,0,surgery
he_354.jpg,0,1,64,-1.0,0,surgery
he_355.jpg,0,5,64,-1.0,0,surgery
he_356.jpg,0,2,64,-1.0,2,surgery
he_357.jpg,0,1,64,-1.0,0,surgery
he_358.jpg,0,4,64,-1.0,0,surgery
he_359.jpg,0,4,64,-1.0,0,surgery
he_360.jpg,0,1,64,-1.0,0,surgery
he_361.jpg,0,1,64,-1.0,0,surgery
he_362.jpg,0,2,64,-1.0,1,surgery
he_363.jpg,0,3,64,-1.0,0,surgery
he_364.jpg,0,5,64,-1.0,0,surgery
he_365.jpg,0,1,64,-1.0,0,surgery
he_366.jpg,0,3,64,-1.0,0,surgery
he_367.jpg,0,1,64,-1.0,0,surgery
he_368.jpg,0,5,64,-1.0,0,surgery
he_369.jpg,0,5,64,-1.0,1,surgery
he_370.jpg,0,2,64,-1.0,0,surgery
he_371.jpg,0,5,64,-1.0,1,surgery
he_372.jpg,0,5,64,-1.0,1,surgery
he_373.jpg,0,1,64,-1.0,0,surgery
he_374.jpg,0,2,64,-1.0,0,surgery
he_375.jpg,0,5,64,-1.0,2,surgery
he_376.jpg,0,1,64,-1.0,0,surgery
he_377.jpg,0,4,64,-1.0,1,surgery
he_378.jpg,0,5,64,-1.0,1,surgery
he_379.jpg,0,1,64,-1.0,0,surgery
he_380.jpg,0,4,64,-1.0,2,surgery
he_381.jpg,0,3,64,-1.0,1,surgery
he_382.jpg,0,2,64,-1.0,0,surgery
he_383.jpg,0,5,64,-1.0,1,surgery
he_384.jpg,0,3,64,-1.0,1,surgery
he_385.jpg,0,5,64,-1.0,2,surgery
he_386.jpg,0,3,64,-1.0,1,surgery
he_387.jpg,0,1,64,-1.0,2,surgery
he_388.jpg,0,4,64,-1.0,1,surgery
he_389.jpg,0,3,64,-1.0,0,surgery
he_390.jpg,0,5,64,-1.0,2,surgery
he_391.jpg,0,1,64,-1.0,0,surgery
he_392.jpg,0,1,64,-1.0,0,surgery
he_393.jpg,0,2,64,-1.0,0,surgery
he_394.jpg,0,1,64,-1.0,0,surgery
he_395.jpg,0,2,64,-1.0,0,surgery
he_396.jpg,0,2,64,-1.0,0,surgery
he_397.jpg,0,5,64,-1.0,0,surgery
he_398.jpg,0,1,64,-1.0,0,surgery
he_399.jpg,0,3,64,-1.0,2,surgery
he_400.jpg,0,5,64,-1.0,2,surgery
he_401.jpg,0,4,64,-1.0,2,surgery
he_402.jpg,0,5,64,-1.0,1,surgery
he_403.jpg,0,4,64,-1.0,0,surgery
he_404.jpg,0,1,64,-1.0,0,surgery
he_405.jpg,0,3,64,-1.0,0,surgery
he_406.jpg,0,1,64,-1.0,0,surgery
he_407.jpg,0,3,64,-1.0,0,surgery
he_408.jpg,0,4,64,-1.0,0,surgery
he_409.jpg,0,1,64,-1.0,0,surgery
he_410.jpg,0,2,64,-1.0,0,surgery
he_411.jpg,0,5,64,-1.0,0,surgery
he_412.jpg,0,2,64,-1.0,0,surgery
he_413.jpg,0,1,64,-1.0,0,surgery
he_414.jpg,0,2,64,-1.0,0,surgery
he_415.jpg,0,3,64,-1.0,2,surgery
he_416.jpg,0,4,64,-1.0,1,surgery
he_417.jpg,0,1,64,-1.0,0,surgery
he_418.jpg,0,3,64,-1.0,1,surgery
he_419.jpg,0,2,64,-1.0,0,surgery
he_420.jpg,0,1,64,-1.0,0,surgery
he_421.jpg,0,4,64,-1.0,0,surgery
he_422.jpg,0,4,64,-1.0,1,surgery
he_423.jpg,0,5,64,-1.0,0,surgery
he_424.jpg,0,1,64,-1.0,1,surgery
he_425.jpg,0,4,64,-1.0,0,surgery
he_426.jpg,0,4,64,-1.0,0,surgery
he_427.jpg,0,4,64,-1.0,2,surgery
he_428.jpg,0,4,64,-1.0,0,surgery
he_429.jpg,0,5,64,-1.0,2,surgery
he_430.jpg,0,2,64,-1.0,2,surgery
he_431.jpg,0,5,64,-1.0,0,surgery
he_432.jpg,0,5,64,-1.0,1,surgery
he_433.jpg,0,5,64,-1.0,1,surgery
he_434.jpg,0,4,64,-1.0,1,surgery
he_435.jpg,0,1,64,-1.0,0,surgery
he_436.jpg,0,2,64,-1.0,1,surgery
he_437.jpg,0,1,64,-1.0,0,surgery
he_438.jpg,0,3,64,-1.0,1,surgery
he_439.jpg,0,5,64,-1.0,1,surgery
he_440.jpg,0,1,64,-1.0,0,surgery
he_441.jpg,0,4,64,-1.0,0,surgery
he_442.jpg,0,2,64,-1.0,2,surgery
he_443.jpg,0,5,64,-1.0,0,surgery
he_444.jpg,0,1,64,-1.0,0,surgery
he_445.jpg,0,5,64,-1.0,0,surgery
he_446.jpg,0,3,64,-1.0,0,surgery
he_447.jpg,0,2,64,-1.0,0,surgery
he_448.jpg,0,1,64,-1.0,0,surgery
he_449.jpg,0,2,64,-1.0,0,surgery
he_450.jpg,0,4,64,-1.0,2,surgery
he_451.jpg,0,3,64,-1.0,2,surgery
he_452.jpg,0,4,64,-1.0,0,surgery
he_453.jpg,0,3,64,-1.0,1,surgery
he_454.jpg,0,5,64,-1.0,2,surgery
he_455.jpg,0,1,64,-1.0,0,surgery
he_456.jpg,0,5,64,-1.0,1,surgery
he_457.jpg,0,3,64,-1.0,0,surgery
he_458.jpg,0,5,64,-1.0,1,surgery
he_459.jpg,0,3,64,-1.0,2,surgery
he_460.jpg,0,3,64,-1.0,1,surgery
he_461.jpg,0,1,64,-1.0,0,surgery
he_462.jpg,0,3,64,-1.0,0,surgery
he_463.jpg,0,3,64,-1.0,2,surgery
he_464.jpg,0,1,64,-1.0,0,surgery
he_465.jpg,0,5,64,-1.0,0,surgery
he_466.jpg,0,5,64,-1.0,1,surgery
he_467.jpg,0,4,64,-1.0,1,surgery
he_468.jpg,0,2,64,-1.0,0,surgery
he_469.jpg,0,1,64,-1.0,0,surgery
he_470.jpg,0,5,64,-1.0,1,surgery
he_471.jpg,0,3,64,-1.0,0,surgery
he_472.jpg,0,2,64,-1.0,2,surgery
he_473.jpg,0,4,64,-1.0,0,surgery
he_474.jpg,0,4,64,-1.0,0,surgery
he_475.jpg,0,1,64,-1.0,0,surgery
he_476.jpg,0,4,64,-1.0,2,surgery
he_477.jpg,0,3,64,-1.0,0,surgery
he_478.jpg,0,3,64,-1.0,0,surgery
he_479.jpg,0,5,64,-1.0,0,surgery
he_480.jpg,0,5,64,-1.0,2,surgery
he_481.jpg,0,4,64,-1.0,1,surgery
he_482.jpg,0,1,64,-1.0,0,surgery
he_483.jpg,0,3,64,-1.0,0,surgery
he_484.jpg,0,1,64,-1.0,0,surgery
he_485.jpg,0,2,64,-1.0,0,surgery
he_486.jpg,0,1,64,-1.0,0,surgery
he_487.jpg,0,1,64,-1.0,0,surgery
he_488.jpg,0,5,64,-1.0,1,surgery
he_489.jpg,0,4,64,-1.0,0,surgery
he_490.jpg,0,4,64,-1.0,2,surgery
he_491.jpg,0,1,64,-1.0,0,surgery
he_492.jpg,0,4,64,-1.0,0,surgery
he_493.jpg,0,1,64,-1.0,0,surgery
he_494.jpg,0,4,64,-1.0,2,surgery
he_495.jpg,0,1,64,-1.0,0,surgery
he_496.jpg,0,2,64,-1.0,0,surgery
he_497.jpg,0,2,64,-1.0,0,surgery
he_498.jpg,0,1,64,-1.0,0,surgery
he_499.jpg,0,4,64,-1.0,2,surgery
he_500.jpg,0,5,64,-1.0,1,surgery
he_501.jpg,0,5,64,-1.0,0,surgery
he_502.jpg,0,4,64,-1.0,2,surgery
he_503.jpg,0,2,64,-1.0,1,surgery
he_504.jpg,0,4,64,-1.0,0,surgery
he_505.jpg,0,5,64,-1.0,0,surgery
he_506.jpg,0,1,64,-1.0,0,surgery
he_507.jpg,0,3,64,-1.0,1,surgery
he_508.jpg,0,4,64,-1.0,0,surgery
he_509.jpg,0,2,64,-1.0,0,surgery
he_510.jpg,0,2,64,-1.0,0,surgery
he_511.jpg,0,2,64,-1.0,0,surgery
he_512.jpg,0,1,64,-1.0,0,surgery
he_513.jpg,0,3,64,-1.0,0,surgery
he_514.jpg,0,3,64,-1.0,0,surgery
he_515.jpg,0,5,64,-1.0,0,surgery
he_516.jpg,0,4,64,-1.0,1,surgery
he_517.jpg,0,3,64,-1.0,0,surgery
he_518.jpg,0,5,64,-1.0,1,surgery
he_519.jpg,0,2,64,-1.0,0,surgery
he_520.jpg,0,2,64,-1.0,1,surgery
he_521.jpg,0,4,64,-1.0,0,surgery
he_522.jpg,0,1,64,-1.0,0,surgery
he_523.jpg,0,5,64,-1.0,0,surgery
he_524.jpg,0,5,64,-1.0,1,surgery
he_525.jpg,0,4,64,-1.0,2,surgery
he_526.jpg,0,4,64,-1.0,1,surgery
he_527.jpg,0,3,64,-1.0,0,surgery
he_528.jpg,0,4,64,-1.0,2,surgery
he_529.jpg,0,4,64,-1.0,0,surgery
he_530.jpg,0,1,64,-1.0,0,surgery
he_531.jpg,0,1,64,-1.0,0,surgery
he_532.jpg,0,2,64,-1.0,0,surgery
he_533.jpg,0,4,64,-1.0,0,surgery
he_534.jpg,0,2,64,-1.0,0,surgery
he_535.jpg,0,3,64,-1.0,0,surgery
he_536.jpg,0,1,64,-1.0,1,surgery
he_537.jpg,0,2,64,-1.0,0,surgery
he_538.jpg,0,4,64,-1.0,2,surgery
he_539.jpg,0,1,64,-1.0,0,surgery
he_540.jpg,0,1,64,-1.0,0,surgery
he_541.jpg,0,5,64,-1.0,0,surgery
he_542.jpg,0,1,64,-1.0,0,surgery
he_543.jpg,0,4,64,-1.0,0,surgery
he_544.jpg,0,3,64,-1.0,2,surgery
he_545.jpg,0,1,64,-1.0,0,surgery
he_546.jpg,0,2,64,-1.0,2,surgery
he_547.jpg,0,5,64,-1.0,1,surgery
he_548.jpg,0,2,64,-1.0,0,surgery
he_549.jpg,0,3,64,-1.0,0,surgery
he_550.jpg,1,4,64,3.0,0,surgery
he_551.jpg,1,2,64,2.0,0,surgery
he_552.jpg,1,1,64,3.5,2,surgery
he_553.jpg,1,1,64,1.0,0,surgery
he_554.jpg,1,4,64,2.0,1,surgery
he_555.jpg,1,1,64,1.0,0,surgery
he_556.jpg,1,4,64,2.0,2,surgery
he_557.jpg,1,1,64,2.0,0,surgery
he_558.jpg,1,1,64,1.0,0,surgery
he_559.jpg,1,5,64,2.0,1,surgery
he_560.jpg,1,4,64,2.0,0,surgery
he_561.jpg,1,2,64,3.0,0,surgery
he_562.jpg,1,5,64,2.0,0,surgery
he_563.jpg,1,5,64,2.0,2,surgery
he_564.jpg,1,5,64,2.0,1,surgery
he_565.jpg,1,1,64,2.0,0,surgery
he_566.jpg,1,5,64,2.0,1,surgery
he_567.jpg,1,2,64,2.0,0,surgery
he_568.jpg,1,5,64,3.0,0,surgery
he_569.jpg,1,4,64,1.0,0,surgery
he_570.jpg,1,1,64,2.0,0,surgery
he_571.jpg,1,1,64,1.0,0,surgery
he_572.jpg,1,4,64,2.0,0,surgery
he_573.jpg,1,1,64,2.0,0,surgery
he_574.jpg,1,2,64,2.0,0,surgery
he_575.jpg,1,5,64,1.0,0,surgery
he_576.jpg,1,5,64,2.0,1,surgery
he_577.jpg,1,4,64,2.0,0,surgery
he_578.jpg,1,5,64,3.0,0,surgery
he_579.jpg,1,2,64,3.0,2,surgery
he_580.jpg,1,3,64,2.0,2,surgery
he_581.jpg,1,5,64,1.0,2,surgery
he_582.jpg,1,5,64,2.0,2,surgery
he_583.jpg,1,2,64,2.0,0,surgery
he_584.jpg,1,3,64,3.0,0,surgery
he_585.jpg,1,2,64,2.0,0,surgery
he_586.jpg,1,1,64,4.0,1,surgery
he_587.jpg,1,3,64,2.5,0,surgery
he_588.jpg,1,3,64,2.0,0,surgery
he_589.jpg,1,1,64,2.0,1,surgery
he_590.jpg,1,5,64,3.0,0,surgery
he_591.jpg,1,4,64,2.0,0,surgery
he_592.jpg,1,3,64,2.5,1,surgery
he_593.jpg,1,2,64,2.0,0,surgery
he_594.jpg,1,4,64,1.0,2,surgery
he_595.jpg,1,5,64,3.5,0,surgery
he_596.jpg,1,3,64,1.5,1,surgery
he_597.jpg,1,5,64,2.0,0,surgery
he_598.jpg,1,1,64,1.5,0,surgery
he_599.jpg,1,3,64,2.5,0,surgery
he_600.jpg,1,2,64,2.0,0,surgery
he_601.jpg,1,2,64,2.0,0,surgery
he_602.jpg,1,1,64,2.0,0,surgery
he_603.jpg,1,2,64,1.0,0,surgery
he_604.jpg,1,3,64,2.0,0,surgery
he_605.jpg,1,2,64,1.0,1,surgery
he_606.jpg,1,3,64,2.0,2,surgery
he_607.jpg,1,3,64,2.0,1,surgery
he_608.jpg,1,5,64,2.0,0,surgery
he_609.jpg,1,1,64,2.0,0,surgery
he_610.jpg,1,5,64,3.0,0,surgery
he_611.jpg,1,1,64,4.0,0,surgery
he_612.jpg,1,2,64,2.0,0,surgery
he_613.jpg,1,5,64,2.0,2,surgery
he_614.jpg,1,2,64,2.5,0,surgery
he_615.jpg,1,1,64,2.0,0,surgery
he_616.jpg,1,2,64,1.0,0,surgery
he_617.jpg,1,1,64,1.0,0,surgery
he_618.jpg,1,1,64,1.0,0,surgery
he_619.jpg,1,3,64,3.0,2,surgery
he_620.jpg,1,2,64,2.0,0,surgery
he_621.jpg,1,1,64,2.0,0,surgery
he_622.jpg,1,3,64,2.0,1,surgery
he_623.jpg,1,5,64,2.0,0,surgery
he_624.jpg,1,4,64,2.0,0,surgery
he_625.jpg,1,1,64,1.0,0,surgery
he_626.jpg,1,5,64,1.5,0,surgery
he_627.jpg,1,4,64,2.0,0,surgery
he_628.jpg,1,3,64,3.0,0,surgery
he_629.jpg,1,5,64,3.0,2,surgery
he_630.jpg,1,1,64,1.5,0,surgery
he_631.jpg,1,4,64,3.0,0,surgery
he_632.jpg,1,5,64,2.0,0,surgery
he_633.jpg,1,3,64,3.0,0,surgery
he_634.jpg,1,3,64,2.0,0,surgery
he_635.jpg,1,1,64,2.0,0,surgery
he_636.jpg,1,2,64,2.0,0,surgery
he_637.jpg,1,2,64,1.0,0,surgery
he_638.jpg,1,2,64,2.0,0,surgery
he_639.jpg,1,4,64,1.5,2,surgery
he_640.jpg,1,4,64,2.0,0,surgery
he_641.jpg,1,2,64,2.0,1,surgery
he_642.jpg,1,4,64,4.0,0,surgery
he_643.jpg,1,4,64,2.0,0,surgery
he_644.jpg,1,1,64,2.0,1,surgery
he_645.jpg,1,1,64,2.0,0,surgery
he_646.jpg,1,2,64,1.5,0,surgery
he_647.jpg,1,4,64,2.0,0,surgery
he_648.jpg,1,5,64,2.5,0,surgery
he_649.jpg,1,2,64,2.0,2,surgery
he_650.jpg,1,3,64,2.5,0,surgery
he_651.jpg,1,1,64,2.0,1,surgery
he_652.jpg,1,1,64,4.0,0,surgery
he_653.jpg,1,5,64,1.5,1,surgery
he_654.jpg,1,5,64,3.5,0,surgery
he_655.jpg,1,4,64,3.0,1,surgery
he_656.jpg,1,3,64,2.0,2,surgery
he_657.jpg,1,5,64,3.0,0,surgery
he_658.jpg,1,3,64,2.0,0,surgery
he_659.jpg,1,4,64,2.0,0,surgery
he_660.jpg,1,2,64,2.0,0,surgery
he_661.jpg,1,4,64,1.0,2,surgery
he_662.jpg,1,4,64,2.0,2,surgery
he_663.jpg,1,5,64,2.5,1,surgery
he_664.jpg,1,5,64,3.0,1,surgery
he_665.jpg,1,2,64,1.5,2,surgery
he_666.jpg,1,4,64,1.0,2,surgery
he_667.jpg,1,5,64,2.5,0,surgery
he_668.jpg,1,5,64,2.0,0,surgery
he_669.jpg,1,4,64,2.5,2,surgery
he_670.jpg,1,2,64,2.0,0,surgery
he_671.jpg,1,3,64,2.0,2,surgery
he_672.jpg,1,5,64,2.0,1,surgery
he_673.jpg,1,5,64,2.0,0,surgery
he_674.jpg,1,2,64,2.0,0,surgery
he_675.jpg,1,5,64,2.0,0,surgery
he_676.jpg,1,5,64,2.0,1,surgery
he_677.jpg,1,4,64,2.0,1,surgery
he_678.jpg,1,2,64,1.0,0,surgery
he_679.jpg,1,3,64,2.0,2,surgery
he_680.jpg,1,3,64,2.0,1,surgery
he_681.jpg,1,5,64,1.0,1,surgery
he_682.jpg,1,2,64,3.0,2,surgery
he_683.jpg,1,5,64,2.5,0,surgery
he_684.jpg,1,4,64,2.5,2,surgery
he_685.jpg,1,3,64,1.5,0,surgery
he_686.jpg,1,2,64,2.0,0,surgery
he_687.jpg,1,3,64,2.0,0,surgery
he_688.jpg,1,5,64,2.0,2,surgery
he_689.jpg,1,3,64,2.0,0,surgery
he_690.jpg,1,1,64,1.5,0,surgery
he_691.jpg,1,4,64,2.0,1,surgery
he_692.jpg,1,2,64,2.0,0,surgery
he_693.jpg,1,1,64,4.0,2,surgery
he_694.jpg,1,1,64,4.0,0,surgery
he_695.jpg,1,2,64,1.0,1,surgery
he_696.jpg,1,1,64,1.5,0,surgery
he_697.jpg,1,3,64,2.0,2,surgery
he_698.jpg,1,2,64,1.0,0,surgery
he_699.jpg,1,5,64,2.5,1,surgery
he_700.jpg,1,3,64,2.5,0,surgery
he_701.jpg,1,3,64,2.5,0,surgery
he_702.jpg,1,1,64,4.0,2,surgery
he_703.jpg,1,2,64,1.5,0,surgery
he_704.jpg,1,3,64,1.5,1,surgery
he_705.jpg,1,2,64,2.5,0,surgery
he_706.jpg,1,1,64,2.0,0,surgery
he_707.jpg,1,4,64,3.0,1,surgery
he_708.jpg,1,3,64,2.0,2,surgery
he_709.jpg,1,4,64,2.5,0,surgery
he_710.jpg,1,2,64,2.0,0,surgery
he_711.jpg,1,3,64,2.0,0,surgery
he_712.jpg,1,5,64,2.0,0,surgery
he_713.jpg,1,4,64,2.5,2,surgery
he_714.jpg,1,3,64,2.0,2,surgery
he_715.jpg,1,1,64,1.0,0,surgery
he_716.jpg,1,3,64,2.0,0,surgery
he_717.jpg,1,4,64,2.5,2,surgery
he_718.jpg,1,1,64,2.0,0,surgery
he_719.jpg,1,2,64,2.0,0,surgery
he_720.jpg,1,5,64,1.0,1,surgery
he_721.jpg,1,3,64,2.0,0,surgery
he_722.jpg,1,3,64,3.0,2,surgery
he_723.jpg,1,1,64,2.0,0,surgery
he_724.jpg,1,3,64,1.0,1,surgery
he_725.jpg,1,5,64,2.0,0,surgery
he_726.jpg,1,5,64,2.0,1,surgery
he_727.jpg,1,1,64,2.0,0,surgery
he_728.jpg,1,5,64,-1.0,1,surgery
he_729.jpg,1,3,64,2.5,1,surgery
he_730.jpg,1,2,64,2.0,0,surgery
he_731.jpg,1,4,64,3.5,1,surgery
he_732.jpg,1,5,64,3.5,0,surgery
he_733.jpg,1,2,64,3.5,0,surgery
he_734.jpg,1,1,64,4.0,2,surgery
he_735.jpg,1,3,64,3.0,0,surgery
he_736.jpg,1,1,64,4.0,2,surgery
he_737.jpg,1,4,64,1.0,2,surgery
he_738.jpg,1,5,64,2.0,2,surgery
he_739.jpg,1,5,64,2.0,0,surgery
he_740.jpg,1,4,64,1.0,2,surgery
he_741.jpg,1,3,64,2.5,2,surgery
he_742.jpg,1,2,64,3.0,0,surgery
he_743.jpg,1,3,64,2.0,2,surgery
he_744.jpg,1,1,64,4.0,0,surgery
he_745.jpg,1,2,64,2.0,0,surgery
he_746.jpg,1,5,64,2.0,2,surgery
he_747.jpg,1,3,64,1.5,1,surgery
he_748.jpg,1,1,64,1.0,0,surgery
he_749.jpg,1,3,64,1.5,0,surgery
he_750.jpg,1,1,64,2.0,0,surgery
he_751.jpg,1,2,64,2.0,0,surgery
he_752.jpg,1,5,64,2.0,2,surgery
he_753.jpg,1,4,64,1.5,0,surgery
he_754.jpg,1,4,64,3.0,0,surgery
he_755.jpg,1,4,64,2.0,0,surgery
he_756.jpg,1,2,64,1.5,0,surgery
he_757.jpg,1,2,64,2.0,1,surgery
he_758.jpg,1,5,64,2.0,0,surgery
he_759.jpg,1,3,64,3.0,1,surgery
he_760.jpg,1,4,64,3.0,0,surgery
he_761.jpg,1,5,64,2.0,1,surgery
he_762.jpg,1,4,64,2.0,1,surgery
he_763.jpg,1,3,64,2.0,0,surgery
he_764.jpg,1,5,64,2.5,0,surgery
he_765.jpg,1,3,64,2.0,0,surgery
he_766.jpg,1,5,64,2.0,0,surgery
he_767.jpg,1,4,64,2.5,2,surgery
he_768.jpg,1,3,64,3.0,0,surgery
he_769.jpg,1,3,64,2.0,2,surgery
he_770.jpg,1,3,64,3.0,2,surgery
he_771.jpg,1,4,64,1.0,2,surgery
he_772.jpg,1,2,64,2.0,2,surgery
he_773.jpg,1,3,64,1.5,0,surgery
he_774.jpg,1,2,64,3.0,0,surgery
he_775.jpg,1,3,64,2.0,0,surgery
he_776.jpg,1,5,64,1.5,0,surgery
he_777.jpg,1,3,64,2.0,2,surgery
he_778.jpg,1,5,64,2.0,1,surgery
he_779.jpg,1,4,64,2.0,1,surgery
he_780.jpg,1,2,64,1.0,0,surgery
he_781.jpg,1,5,64,2.5,0,surgery
he_782.jpg,1,4,64,2.5,0,surgery
he_783.jpg,1,1,64,-1.0,0,surgery
he_784.jpg,1,4,64,2.0,2,surgery
he_785.jpg,1,2,64,1.5,0,surgery
he_786.jpg,1,2,64,2.5,0,surgery
he_787.jpg,1,3,64,3.0,0,surgery
he_788.jpg,1,1,64,2.0,0,surgery
he_789.jpg,1,2,64,1.0,0,surgery
he_790.jpg,1,3,64,2.5,2,surgery
he_791.jpg,1,4,64,2.5,0,surgery
he_792.jpg,1,5,64,2.5,1,surgery
he_793.jpg,1,5,64,1.0,1,surgery
he_794.jpg,1,4,64,3.0,0,surgery
he_795.jpg,1,3,64,2.5,2,surgery
he_796.jpg,1,4,64,1.0,2,surgery
he_797.jpg,1,5,64,2.0,0,surgery
he_798.jpg,1,3,64,1.5,0,surgery
he_799.jpg,1,1,64,1.0,0,surgery
he_800.jpg,1,1,64,4.0,0,surgery
he_801.jpg,1,2,64,3.5,0,surgery
he_802.jpg,1,2,64,4.0,0,surgery
he_803.jpg,1,1,64,4.0,0,surgery
he_804.jpg,1,5,64,2.0,0,surgery
he_805.jpg,1,1,64,-1.0,0,surgery
he_806.jpg,1,5,64,3.0,1,surgery
he_807.jpg,1,5,64,2.0,0,surgery
he_808.jpg,1,3,64,1.0,1,surgery
he_809.jpg,1,3,64,2.5,0,surgery
he_810.jpg,1,5,64,1.0,2,surgery
he_811.jpg,1,5,64,2.0,0,surgery
he_812.jpg,1,2,64,3.0,2,surgery
he_813.jpg,1,1,64,1.0,0,surgery
he_814.jpg,1,2,64,2.0,1,surgery
he_815.jpg,1,3,64,2.0,1,surgery
he_816.jpg,1,1,64,4.0,0,surgery
he_817.jpg,1,2,64,1.0,1,surgery
he_818.jpg,1,1,64,2.0,1,surgery
he_819.jpg,1,1,64,2.0,1,surgery
he_820.jpg,1,5,64,2.0,0,surgery
he_821.jpg,1,5,64,2.0,1,surgery
he_822.jpg,1,3,64,2.0,0,surgery
he_823.jpg,1,1,64,2.0,1,surgery
he_824.jpg,1,2,64,2.0,0,surgery
he_825.jpg,1,3,64,2.0,0,surgery
he_826.jpg,1,5,64,2.0,2,surgery
he_827.jpg,1,3,64,2.0,2,surgery
he_828.jpg,1,4,64,2.0,1,surgery
he_829.jpg,1,5,64,2.0,2,surgery
he_830.jpg,1,5,64,2.5,0,surgery
he_831.jpg,1,1,64,3.0,0,surgery
he_832.jpg,1,4,64,3.0,0,surgery
he_833.jpg,1,5,64,3.0,2,surgery
he_834.jpg,1,2,64,1.0,0,surgery
he_835.jpg,1,4,64,2.0,2,surgery
he_836.jpg,1,4,64,1.0,0,surgery
he_837.jpg,1,3,64,2.0,0,surgery
he_838.jpg,1,4,64,2.0,0,surgery
he_839.jpg,1,2,64,2.0,0,surgery
he_840.jpg,1,2,64,2.0,0,surgery
he_841.jpg,1,4,64,2.0,0,surgery
he_842.jpg,1,1,64,1.0,0,surgery
he_843.jpg,1,1,64,2.0,1,surgery
he_844.jpg,1,3,64,2.0,0,surgery
he_845.jpg,1,2,64,1.0,0,surgery
he_846.jpg,1,2,64,2.0,0,surgery
he_847.jpg,1,1,64,2.0,0,surgery
he_848.jpg,1,4,64,2.0,2,surgery
he_849.jpg,1,4,64,3.0,0,surgery
he_850.jpg,1,3,64,2.0,0,surgery
he_851.jpg,1,5,64,2.0,0,surgery
he_852.jpg,1,3,64,2.5,0,surgery
he_853.jpg,1,2,64,3.0,0,surgery
he_854.jpg,1,1,64,2.0,0,surgery
he_855.jpg,1,4,64,2.0,2,surgery
he_856.jpg,1,1,64,2.0,0,surgery
he_857.jpg,1,3,64,2.0,0,surgery
he_858.jpg,1,1,64,1.0,0,surgery
he_859.jpg,1,2,64,1.0,1,surgery
he_860.jpg,1,5,64,1.0,1,surgery
he_861.jpg,1,1,64,2.5,0,surgery
he_862.jpg,1,2,64,2.0,0,surgery
he_863.jpg,1,1,64,2.0,0,surgery
he_864.jpg,1,4,64,2.0,1,surgery
he_865.jpg,1,2,64,3.0,0,surgery
he_866.jpg,1,4,64,2.0,0,surgery
he_867.jpg,1,1,64,2.0,0,surgery
he_868.jpg,1,3,64,2.0,0,surgery
he_869.jpg,1,3,64,1.0,0,surgery
he_870.jpg,1,1,64,3.5,2,surgery
he_871.jpg,1,5,64,3.0,1,surgery
he_872.jpg,1,4,64,2.0,1,surgery
he_873.jpg,1,1,64,4.0,0,surgery
he_874.jpg,1,5,64,2.0,2,surgery
he_875.jpg,1,2,64,1.0,0,surgery
he_876.jpg,1,3,64,1.5,1,surgery
he_877.jpg,1,5,64,2.0,1,surgery
he_878.jpg,1,3,64,2.0,2,surgery
he_879.jpg,1,4,64,2.0,0,surgery
he_880.jpg,1,5,64,2.0,1,surgery
he_881.jpg,1,5,64,2.5,0,surgery
he_882.jpg,1,1,64,2.0,0,surgery
he_883.jpg,1,5,64,2.0,0,surgery
he_884.jpg,1,4,64,2.5,2,surgery
he_885.jpg,1,1,64,2.0,0,surgery
he_886.jpg,1,1,64,4.0,1,surgery
he_887.jpg,1,3,64,3.0,0,surgery
he_888.jpg,1,1,64,2.0,0,surgery
he_889.jpg,1,1,64,2.0,0,surgery
he_890.jpg,1,1,64,2.0,0,surgery
he_891.jpg,1,4,64,2.0,0,surgery
he_892.jpg,1,2,64,1.0,0,surgery
he_893.jpg,1,5,64,2.0,2,surgery
he_894.jpg,1,3,64,2.0,0,surgery
he_895.jpg,1,2,64,3.0,0,surgery
he_896.jpg,1,2,64,1.0,0,surgery
he_897.jpg,1,4,64,2.0,2,surgery
he_898.jpg,1,5,64,2.0,2,surgery
he_899.jpg,1,4,64,1.0,2,surgery
he_900.jpg,1,2,64,2.0,0,surgery
he_901.jpg,1,1,64,1.0,0,surgery
he_902.jpg,1,4,64,1.0,2,surgery
he_903.jpg,1,3,64,2.0,1,surgery
he_904.jpg,1,3,64,1.0,0,surgery
he_905.jpg,1,4,64,2.0,1,surgery
he_906.jpg,1,5,64,2.0,2,surgery
he_907.jpg,1,3,64,1.0,1,surgery
he_908.jpg,1,3,64,2.5,0,surgery
he_909.jpg,1,5,64,2.0,0,surgery
he_910.jpg,1,2,64,2.0,0,surgery
he_911.jpg,1,4,64,1.0,2,surgery
he_912.jpg,1,4,64,2.0,0,surgery
he_913.jpg,1,1,64,4.0,0,surgery
he_914.jpg,1,5,64,2.5,0,surgery
he_915.jpg,1,5,64,2.5,0,surgery
he_916.jpg,1,3,64,2.0,0,surgery
he_917.jpg,1,3,64,2.0,0,surgery
he_918.jpg,1,5,64,1.0,1,surgery
he_919.jpg,1,1,64,2.0,0,surgery
he_920.jpg,1,4,64,2.0,2,surgery
he_921.jpg,1,3,64,2.5,0,surgery
he_922.jpg,1,5,64,3.0,1,surgery
he_923.jpg,1,2,64,3.0,0,surgery
he_924.jpg,1,4,64,2.0,2,surgery
he_925.jpg,1,4,64,1.5,2,surgery
he_926.jpg,1,3,64,2.5,0,surgery
he_927.jpg,1,2,64,3.0,2,surgery
he_928.jpg,1,4,64,2.5,0,surgery
he_929.jpg,1,4,64,2.0,1,surgery
he_930.jpg,1,3,64,1.5,2,surgery
he_931.jpg,1,3,64,2.0,0,surgery
he_932.jpg,1,1,64,1.0,0,surgery
he_933.jpg,1,2,64,3.0,0,surgery
he_934.jpg,1,2,64,1.5,0,surgery
he_935.jpg,1,5,64,2.0,2,surgery
he_936.jpg,1,5,64,2.0,0,surgery
he_937.jpg,1,2,64,1.5,0,surgery
he_938.jpg,1,3,64,1.0,0,surgery
he_939.jpg,1,5,64,-1.0,0,surgery
he_940.jpg,1,3,64,2.0,1,surgery
he_941.jpg,1,1,64,2.0,0,surgery
he_942.jpg,1,4,64,2.0,1,surgery
he_943.jpg,1,4,64,2.0,2,surgery
he_944.jpg,1,5,64,2.5,0,surgery
he_945.jpg,1,5,64,2.0,1,surgery
he_946.jpg,1,1,64,1.0,0,surgery
he_947.jpg,1,1,64,1.5,0,surgery
he_948.jpg,1,4,64,2.0,1,surgery
he_949.jpg,1,5,64,1.5,0,surgery
he_950.jpg,1,2,64,1.5,0,surgery
he_951.jpg,1,1,64,1.0,0,surgery
he_952.jpg,1,1,64,2.0,0,surgery
he_953.jpg,1,2,64,2.0,1,surgery
he_954.jpg,1,4,64,2.0,1,surgery
he_955.jpg,1,4,64,2.0,1,surgery
he_956.jpg,1,4,64,1.0,0,surgery
he_957.jpg,1,3,64,2.5,0,surgery
he_958.jpg,1,4,64,1.0,2,surgery
he_959.jpg,1,2,64,2.0,0,surgery
he_960.jpg,1,1,64,4.0,0,surgery
he_961.jpg,1,5,64,2.0,0,surgery
he_962.jpg,1,4,64,2.0,2,surgery
he_963.jpg,1,2,64,1.0,1,surgery
he_964.jpg,1,1,64,2.0,0,surgery
he_965.jpg,1,2,64,1.0,0,surgery
he_966.jpg,1,4,64,2.0,2,surgery
he_967.jpg,1,3,64,2.0,2,surgery
he_968.jpg,1,1,64,2.0,1,surgery
he_969.jpg,1,4,64,1.0,1,surgery
he_970.jpg,1,3,64,2.0,1,surgery
he_971.jpg,1,1,64,2.0,0,surgery
he_972.jpg,1,4,64,1.0,0,surgery
he_973.jpg,1,4,64,2.0,2,surgery
he_974.jpg,1,2,64,1.0,0,surgery
he_975.jpg,1,4,64,2.0,2,surgery
he_976.jpg,1,5,64,1.0,2,surgery
he_977.jpg,1,2,64,3.0,0,surgery
he_978.jpg,1,5,64,1.0,2,surgery
he_979.jpg,1,2,64,2.0,1,surgery
he_980.jpg,1,1,64,2.0,0,surgery
he_981.jpg,1,1,64,1.5,0,surgery
he_982.jpg,1,3,64,1.0,1,surgery
he_983.jpg,1,5,64,2.0,0,surgery
he_984.jpg,1,2,64,2.0,0,surgery
he_985.jpg,1,2,64,2.0,0,surgery
he_986.jpg,1,4,64,3.0,0,surgery
he_987.jpg,1,3,64,2.5,1,surgery
he_988.jpg,1,2,64,2.0,0,surgery
he_989.jpg,1,3,64,2.0,2,surgery
he_990.jpg,1,1,64,2.0,0,surgery
he_991.jpg,1,3,64,1.5,1,surgery
he_992.jpg,1,3,64,2.0,0,surgery
he_993.jpg,1,5,64,2.5,1,surgery
he_994.jpg,1,1,64,2.0,0,surgery
he_995.jpg,1,3,64,1.0,0,surgery
he_996.jpg,1,2,64,3.5,0,surgery
he_997.jpg,1,4,64,2.0,0,surgery
he_998.jpg,1,2,64,2.0,0,surgery
he_999.jpg,1,3,64,3.0,1,surgery
he_1000.jpg,1,2,64,2.0,0,surgery
he_1001.jpg,1,4,64,2.0,2,surgery
he_1002.jpg,1,3,64,2.0,1,surgery
he_1003.jpg,1,1,64,4.0,0,surgery
he_1004.jpg,1,5,64,2.0,0,surgery
he_1005.jpg,1,2,64,3.0,0,surgery
he_1006.jpg,1,4,64,2.0,2,surgery
he_1007.jpg,1,3,64,2.0,0,surgery
he_1008.jpg,1,2,64,2.0,0,surgery
he_1009.jpg,1,4,64,2.0,2,surgery
he_1010.jpg,1,2,64,1.0,0,surgery
he_1011.jpg,1,1,64,2.0,0,surgery
he_1012.jpg,1,2,64,3.0,2,surgery
he_1013.jpg,1,5,64,2.0,2,surgery
he_1014.jpg,1,4,64,2.0,2,surgery
he_1015.jpg,1,1,64,4.0,0,surgery
he_1016.jpg,1,2,64,2.0,0,surgery
he_1017.jpg,1,2,64,1.0,0,surgery
he_1018.jpg,1,2,64,1.0,1,surgery
he_1019.jpg,1,5,64,2.5,0,surgery
he_1020.jpg,1,3,64,3.0,1,surgery
he_1021.jpg,1,3,64,-1.0,0,surgery
he_1022.jpg,1,1,64,2.0,0,surgery
he_1023.jpg,1,5,64,2.0,0,surgery
he_1024.jpg,1,3,64,2.0,0,surgery
he_1025.jpg,1,1,64,2.0,0,surgery
he_1026.jpg,1,5,64,2.0,0,surgery
he_1027.jpg,1,1,64,2.0,1,surgery
he_1028.jpg,1,5,64,2.0,1,surgery
he_1029.jpg,1,5,64,2.5,1,surgery
he_1030.jpg,1,3,64,2.0,0,surgery
he_1031.jpg,1,1,64,-1.0,0,surgery
he_1032.jpg,1,4,64,3.0,0,surgery
he_1033.jpg,1,2,64,2.0,0,surgery
he_1034.jpg,1,1,64,2.0,0,surgery
he_1035.jpg,1,5,64,3.0,0,surgery
he_1036.jpg,1,4,64,2.0,0,surgery
he_1037.jpg,1,1,64,2.0,0,surgery
he_1038.jpg,1,2,64,1.0,0,surgery
he_1039.jpg,1,3,64,1.0,1,surgery
he_1040.jpg,1,2,64,2.0,0,surgery
he_1041.jpg,1,2,64,1.0,2,surgery
he_1042.jpg,1,2,64,2.0,1,surgery
he_1043.jpg,1,5,64,3.0,1,surgery
he_1044.jpg,1,2,64,2.0,0,surgery
he_1045.jpg,1,4,64,2.0,0,surgery
he_1046.jpg,1,4,64,2.0,0,surgery
he_1047.jpg,1,2,64,2.0,0,surgery
he_1048.jpg,1,4,64,3.0,0,surgery
he_1049.jpg,1,1,64,-1.0,0,surgery
he_1050.jpg,1,5,64,2.0,0,surgery
he_1051.jpg,1,5,64,2.0,1,surgery
he_1052.jpg,1,1,64,1.0,0,surgery
he_1053.jpg,1,5,64,3.0,1,surgery
he_1054.jpg,1,3,64,2.0,0,surgery
he_1055.jpg,1,5,64,2.0,2,surgery
he_1056.jpg,1,4,64,2.0,2,surgery
he_1057.jpg,1,1,64,2.0,0,surgery
he_1058.jpg,1,1,64,1.0,0,surgery
he_1059.jpg,1,5,64,2.0,1,surgery
he_1060.jpg,1,5,64,2.0,2,surgery
he_1061.jpg,1,2,64,2.0,1,surgery
he_1062.jpg,1,5,64,2.0,1,surgery
he_1063.jpg,1,4,64,2.0,2,surgery
he_1064.jpg,1,5,64,2.0,0,surgery
he_1065.jpg,1,1,64,1.0,0,surgery
he_1066.jpg,1,2,64,1.5,2,surgery
he_1067.jpg,1,5,64,3.0,1,surgery
he_1068.jpg,1,2,64,3.0,0,surgery
he_1069.jpg,1,2,64,1.5,2,surgery
he_1070.jpg,1,3,64,2.0,0,surgery
he_1071.jpg,1,3,64,2.0,1,surgery
he_1072.jpg,1,1,64,1.0,0,surgery
he_1073.jpg,1,3,64,2.0,1,surgery
he_1074.jpg,1,3,64,2.0,0,surgery
he_1075.jpg,1,1,64,4.0,1,surgery
he_1076.jpg,1,2,64,3.0,0,surgery
he_1077.jpg,1,3,64,2.0,0,surgery
he_1078.jpg,1,4,64,2.0,0,surgery
he_1079.jpg,1,4,64,2.0,0,surgery
he_1080.jpg,1,1,64,4.0,0,surgery
he_1081.jpg,1,4,64,2.0,2,surgery
he_1082.jpg,1,4,64,1.0,0,surgery
he_1083.jpg,1,1,64,4.0,1,surgery
he_1084.jpg,1,3,64,2.5,1,surgery
he_1085.jpg,1,3,64,2.0,1,surgery
he_1086.jpg,1,2,64,3.0,2,surgery
he_1087.jpg,1,2,64,2.0,0,surgery
he_1088.jpg,1,4,64,2.0,2,surgery
he_1089.jpg,1,1,64,2.0,0,surgery
he_1090.jpg,1,4,64,3.0,0,surgery
he_1091.jpg,1,3,64,2.0,0,surgery
he_1092.jpg,1,4,64,2.0,0,surgery
he_1093.jpg,1,4,64,2.5,2,surgery
he_1094.jpg,1,3,64,3.0,0,surgery
he_1095.jpg,1,4,64,2.0,0,surgery
he_1096.jpg,1,3,64,2.0,1,surgery
he_1097.jpg,1,4,64,2.0,0,surgery
he_1098.jpg,1,4,64,2.0,2,surgery
he_1099.jpg,1,2,64,3.0,2,surgery
he_1100.jpg,1,2,64,2.0,0,surgery
he_1101.jpg,1,3,64,2.0,0,surgery
he_1102.jpg,1,5,64,2.0,2,surgery
he_1103.jpg,1,1,64,1.0,0,surgery
he_1104.jpg,0,2,62,-1.0,0,biopsy
he_1105.jpg,0,5,17,-1.0,2,biopsy
he_1106.jpg,0,1,34,-1.0,0,biopsy
he_1107.jpg,0,2,44,-1.0,0,biopsy
he_1108.jpg,0,5,62,-1.0,2,biopsy
he_1109.jpg,0,4,44,-1.0,1,biopsy
he_1110.jpg,0,3,39,-1.0,0,biopsy
he_1111.jpg,0,1,50,-1.0,0,biopsy
he_1112.jpg,0,4,41,-1.0,1,biopsy
he_1113.jpg,0,2,43,-1.0,0,biopsy
he_1114.jpg,0,5,44,-1.0,2,biopsy
he_1115.jpg,0,4,44,-1.0,1,biopsy
he_1116.jpg,0,4,36,-1.0,1,biopsy
he_1117.jpg,0,5,43,-1.0,2,biopsy
he_1118.jpg,0,2,48,-1.0,0,biopsy
he_1119.jpg,0,2,26,-1.0,0,biopsy
he_1120.jpg,0,2,45,-1.0,0,biopsy
he_1121.jpg,0,2,38,-1.0,0,biopsy
he_1122.jpg,0,2,47,-1.0,0,biopsy
he_1123.jpg,0,3,48,-1.0,0,biopsy
he_1124.jpg,0,3,56,-1.0,0,biopsy
he_1125.jpg,0,2,40,-1.0,0,biopsy
he_1126.jpg,0,5,48,-1.0,2,biopsy
he_1127.jpg,0,1,51,-1.0,0,biopsy
he_1128.jpg,0,4,58,-1.0,1,biopsy
he_1129.jpg,0,1,59,-1.0,0,biopsy
he_1130.jpg,0,4,40,-1.0,1,biopsy
he_1131.jpg,0,4,41,-1.0,1,biopsy
he_1132.jpg,0,5,47,-1.0,2,biopsy
he_1133.jpg,0,1,39,-1.0,0,biopsy
he_1134.jpg,0,5,45,-1.0,2,biopsy
he_1135.jpg,0,5,57,-1.0,2,biopsy
he_1136.jpg,0,5,47,-1.0,2,biopsy
he_1137.jpg,0,4,48,-1.0,1,biopsy
he_1138.jpg,0,5,53,-1.0,2,biopsy
he_1139.jpg,0,3,45,-1.0,0,biopsy
he_1140.jpg,0,3,51,-1.0,0,biopsy
he_1141.jpg,0,3,53,-1.0,0,biopsy
he_1142.jpg,0,3,55,-1.0,0,biopsy
he_1143.jpg,0,4,48,-1.0,1,biopsy
he_1144.jpg,0,1,45,-1.0,0,biopsy
he_1145.jpg,0,2,52,-1.0,0,biopsy
he_1146.jpg,0,1,37,-1.0,0,biopsy
he_1147.jpg,0,4,44,-1.0,1,biopsy
he_1148.jpg,0,1,46,-1.0,0,biopsy
he_1149.jpg,0,1,57,-1.0,0,biopsy
he_1150.jpg,0,1,50,-1.0,0,biopsy
he_1151.jpg,0,1,49,-1.0,0,biopsy
he_1152.jpg,0,1,44,-1.0,0,biopsy
he_1153.jpg,0,3,60,-1.0,0,biopsy
he_1154.jpg,0,2,54,-1.0,0,biopsy
he_1155.jpg,0,3,44,-1.0,0,biopsy
he_1156.jpg,0,5,53,-1.0,2,biopsy
he_1157.jpg,0,2,64,-1.0,0,biopsy
he_1158.jpg,0,2,56,-1.0,0,biopsy
he_1159.jpg,0,2,53,-1.0,0,biopsy
he_1160.jpg,0,2,37,-1.0,0,biopsy
he_1161.jpg,0,4,49,-1.0,1,biopsy
he_1162.jpg,0,2,53,-1.0,0,biopsy
he_1163.jpg,0,3,48,-1.0,0,biopsy
he_1164.jpg,0,3,47,-1.0,0,biopsy
he_1165.jpg,0,5,45,-1.0,2,biopsy
he_1166.jpg,0,1,51,-1.0,0,biopsy
he_1167.jpg,0,1,34,-1.0,0,biopsy
he_1168.jpg,0,1,36,-1.0,0,biopsy
he_1169.jpg,0,3,51,-1.0,0,biopsy
he_1170.jpg,0,3,26,-1.0,0,biopsy
he_1171.jpg,0,4,50,-1.0,1,biopsy
he_1172.jpg,0,4,52,-1.0,1,biopsy
he_1173.jpg,0,4,48,-1.0,1,biopsy
he_1174.jpg,0,1,42,-1.0,0,biopsy
he_1175.jpg,0,3,52,-1.0,0,biopsy
he_1176.jpg,0,1,54,-1.0,0,biopsy
he_1177.jpg,0,4,39,-1.0,1,biopsy
he_1178.jpg,0,3,34,-1.0,0,biopsy
he_1179.jpg,0,3,30,-1.0,0,biopsy
he_1180.jpg,0,1,45,-1.0,0,biopsy
he_1181.jpg,0,4,41,-1.0,1,biopsy
he_1182.jpg,0,5,58,-1.0,2,biopsy
he_1183.jpg,0,4,14,-1.0,1,biopsy
he_1184.jpg,0,2,54,-1.0,0,biopsy
he_1185.jpg,0,4,50,-1.0,1,biopsy
he_1186.jpg,0,4,48,-1.0,1,biopsy
he_1187.jpg,0,2,43,-1.0,0,biopsy
he_1188.jpg,0,4,53,-1.0,1,biopsy
he_1189.jpg,0,3,53,-1.0,0,biopsy
he_1190.jpg,0,1,53,-1.0,0,biopsy
he_1191.jpg,0,3,51,-1.0,0,biopsy
he_1192.jpg,0,1,51,-1.0,0,biopsy
he_1193.jpg,0,4,43,-1.0,1,biopsy
he_1194.jpg,0,4,40,-1.0,1,biopsy
he_1195.jpg,0,4,40,-1.0,1,biopsy
he_1196.jpg,0,4,39,-1.0,1,biopsy
he_1197.jpg,0,3,52,-1.0,0,biopsy
he_1198.jpg,0,2,62,-1.0,0,biopsy
he_1199.jpg,0,5,60,-1.0,2,biopsy
he_1200.jpg,0,4,39,-1.0,1,biopsy
he_1201.jpg,0,4,40,-1.0,1,biopsy
he_1202.jpg,0,3,51,-1.0,0,biopsy
he_1203.jpg,0,4,48,-1.0,1,biopsy
he_1204.jpg,0,5,28,-1.0,2,biopsy
he_1205.jpg,0,1,38,-1.0,0,biopsy
he_1206.jpg,0,2,46,-1.0,0,biopsy
he_1207.jpg,0,5,63,-1.0,2,biopsy
he_1208.jpg,0,5,57,-1.0,2,biopsy
he_1209.jpg,0,4,47,-1.0,1,biopsy
he_1210.jpg,0,4,41,-1.0,1,biopsy
he_1211.jpg,0,4,51,-1.0,1,biopsy
he_1212.jpg,0,5,60,-1.0,2,biopsy
he_1213.jpg,0,3,48,-1.0,0,biopsy
he_1214.jpg,0,4,38,-1.0,1,biopsy
he_1215.jpg,0,2,25,-1.0,0,biopsy
he_1216.jpg,0,1,54,-1.0,0,biopsy
he_1217.jpg,0,1,48,-1.0,0,biopsy
he_1218.jpg,0,2,51,-1.0,0,biopsy
he_1219.jpg,0,1,33,-1.0,0,biopsy
he_1220.jpg,0,3,44,-1.0,0,biopsy
he_1221.jpg,0,3,40,-1.0,0,biopsy
he_1222.jpg,0,3,57,-1.0,0,biopsy
he_1223.jpg,0,1,44,-1.0,0,biopsy
he_1224.jpg,0,5,32,-1.0,2,biopsy
he_1225.jpg,0,2,46,-1.0,0,biopsy
he_1226.jpg,0,3,52,-1.0,0,biopsy
he_1227.jpg,0,3,46,-1.0,0,biopsy
he_1228.jpg,0,2,50,-1.0,0,biopsy
he_1229.jpg,0,2,51,-1.0,0,biopsy
he_1230.jpg,0,5,45,-1.0,2,biopsy
he_1231.jpg,0,4,47,-1.0,1,biopsy
he_1232.jpg,0,5,50,-1.0,2,biopsy
he_1233.jpg,0,1,42,-1.0,0,biopsy
he_1234.jpg,0,5,42,-1.0,2,biopsy
he_1235.jpg,0,5,61,-1.0,2,biopsy
he_1236.jpg,0,4,39,-1.0,1,biopsy
he_1237.jpg,0,2,61,-1.0,0,biopsy
he_1238.jpg,0,1,40,-1.0,0,biopsy
he_1239.jpg,0,5,52,-1.0,2,biopsy
he_1240.jpg,0,3,48,-1.0,0,biopsy
he_1241.jpg,0,2,32,-1.0,0,biopsy
he_1242.jpg,0,1,45,-1.0,0,biopsy
he_1243.jpg,0,3,54,-1.0,0,biopsy
he_1244.jpg,0,2,44,-1.0,0,biopsy
he_1245.jpg,0,5,40,-1.0,2,biopsy
he_1246.jpg,0,3,48,-1.0,0,biopsy
he_1247.jpg,0,5,41,-1.0,2,biopsy
he_1248.jpg,0,2,49,-1.0,0,biopsy
he_1249.jpg,0,5,44,-1.0,2,biopsy
he_1250.jpg,0,3,43,-1.0,0,biopsy
he_1251.jpg,0,5,46,-1.0,2,biopsy
he_1252.jpg,0,4,55,-1.0,1,biopsy
he_1253.jpg,0,5,49,-1.0,2,biopsy
he_1254.jpg,0,3,36,-1.0,0,biopsy
he_1255.jpg,0,5,32,-1.0,2,biopsy
he_1256.jpg,0,1,33,-1.0,0,biopsy
he_1257.jpg,0,4,49,-1.0,1,biopsy
he_1258.jpg,0,4,49,-1.0,1,biopsy
he_1259.jpg,0,2,51,-1.0,0,biopsy
he_1260.jpg,0,4,37,-1.0,1,biopsy
he_1261.jpg,0,1,58,-1.0,0,biopsy
he_1262.jpg,0,5,48,-1.0,2,biopsy
he_1263.jpg,0,1,53,-1.0,0,biopsy
he_1264.jpg,0,3,21,-1.0,0,biopsy
he_1265.jpg,0,1,54,-1.0,0,biopsy
he_1266.jpg,0,3,51,-1.0,0,biopsy
he_1267.jpg,0,3,57,-1.0,0,biopsy
he_1268.jpg,0,5,38,-1.0,2,biopsy
he_1269.jpg,0,5,63,-1.0,2,biopsy
he_1270.jpg,0,2,35,-1.0,0,biopsy
he_1271.jpg,0,2,51,-1.0,0,biopsy
he_1272.jpg,0,5,52,-1.0,2,biopsy
he_1273.jpg,0,2,60,-1.0,0,biopsy
he_1274.jpg,0,2,36,-1.0,0,biopsy
he_1275.jpg,0,4,37,-1.0,1,biopsy
he_1276.jpg,0,3,44,-1.0,0,biopsy
he_1277.jpg,0,1,49,-1.0,0,biopsy
he_1278.jpg,0,5,53,-1.0,2,biopsy
he_1279.jpg,0,5,50,-1.0,2,biopsy
he_1280.jpg,0,4,62,-1.0,1,biopsy
he_1281.jpg,0,2,32,-1.0,0,biopsy
he_1282.jpg,0,1,48,-1.0,0,biopsy
he_1283.jpg,0,3,20,-1.0,0,biopsy
he_1284.jpg,0,1,57,-1.0,0,biopsy
he_1285.jpg,0,4,61,-1.0,1,biopsy
he_1286.jpg,0,4,52,-1.0,1,biopsy
he_1287.jpg,0,1,54,-1.0,0,biopsy
he_1288.jpg,0,2,53,-1.0,0,biopsy
he_1289.jpg,0,3,48,-1.0,0,biopsy
he_1290.jpg,0,3,50,-1.0,0,biopsy
he_1291.jpg,0,4,58,-1.0,1,biopsy
he_1292.jpg,0,2,52,-1.0,0,biopsy
he_1293.jpg,0,5,49,-1.0,2,biopsy
he_1294.jpg,0,1,40,-1.0,0,biopsy
he_1295.jpg,0,5,53,-1.0,2,biopsy
he_1296.jpg,0,3,47,-1.0,0,biopsy
he_1297.jpg,0,5,38,-1.0,2,biopsy
he_1298.jpg,0,3,55,-1.0,0,biopsy
he_1299.jpg,0,2,50,-1.0,0,biopsy
he_1300.jpg,0,2,44,-1.0,0,biopsy
he_1301.jpg,0,2,44,-1.0,0,biopsy
he_1302.jpg,0,2,40,-1.0,0,biopsy
he_1303.jpg,0,4,43,-1.0,1,biopsy
he_1304.jpg,0,5,42,-1.0,2,biopsy
he_1305.jpg,0,5,56,-1.0,2,biopsy
he_1306.jpg,0,1,54,-1.0,0,biopsy
he_1307.jpg,0,2,33,-1.0,0,biopsy
he_1308.jpg,0,2,41,-1.0,0,biopsy
he_1309.jpg,0,1,56,-1.0,0,biopsy
he_1310.jpg,0,2,5,-1.0,0,biopsy
he_1311.jpg,0,5,47,-1.0,2,biopsy
he_1312.jpg,0,3,39,-1.0,0,biopsy
he_1313.jpg,0,4,40,-1.0,1,biopsy
he_1314.jpg,0,3,51,-1.0,0,biopsy
he_1315.jpg,0,1,53,-1.0,0,biopsy
he_1316.jpg,0,5,41,-1.0,2,biopsy
he_1317.jpg,0,1,63,-1.0,0,biopsy
he_1318.jpg,0,2,38,-1.0,0,biopsy
he_1319.jpg,0,5,59,-1.0,2,biopsy
he_1320.jpg,0,2,52,-1.0,0,biopsy
he_1321.jpg,0,1,55,-1.0,0,biopsy
he_1322.jpg,0,3,53,-1.0,0,biopsy
he_1323.jpg,0,3,41,-1.0,0,biopsy
he_1324.jpg,0,1,51,-1.0,0,biopsy
he_1325.jpg,0,4,45,-1.0,1,biopsy
he_1326.jpg,0,3,55,-1.0,0,biopsy
he_1327.jpg,0,2,44,-1.0,0,biopsy
he_1328.jpg,0,3,48,-1.0,0,biopsy
he_1329.jpg,0,5,57,-1.0,2,biopsy
he_1330.jpg,0,4,54,-1.0,1,biopsy
he_1331.jpg,0,2,40,-1.0,0,biopsy
he_1332.jpg,0,5,38,-1.0,2,biopsy
he_1333.jpg,0,2,36,-1.0,0,biopsy
he_1334.jpg,0,1,52,-1.0,0,biopsy
he_1335.jpg,0,5,26,-1.0,2,biopsy
he_1336.jpg,0,3,53,-1.0,0,biopsy
he_1337.jpg,0,1,39,-1.0,0,biopsy
he_1338.jpg,0,2,48,-1.0,0,biopsy
he_1339.jpg,0,4,50,-1.0,1,biopsy
he_1340.jpg,0,5,49,-1.0,2,biopsy
he_1341.jpg,0,5,49,-1.0,2,biopsy
he_1342.jpg,0,5,55,-1.0,2,biopsy
he_1343.jpg,0,5,64,-1.0,2,biopsy
he_1344.jpg,0,3,47,-1.0,0,biopsy
he_1345.jpg,0,4,40,-1.0,1,biopsy
he_1346.jpg,0,3,49,-1.0,0,biopsy
he_1347.jpg,0,1,45,-1.0,0,biopsy
he_1348.jpg,0,3,49,-1.0,0,biopsy
he_1349.jpg,0,3,18,-1.0,0,biopsy
he_1350.jpg,0,3,45,-1.0,0,biopsy
he_1351.jpg,0,1,51,-1.0,0,biopsy
he_1352.jpg,0,4,36,-1.0,1,biopsy
he_1353.jpg,0,1,50,-1.0,0,biopsy
he_1354.jpg,0,5,42,-1.0,2,biopsy
he_1355.jpg,0,2,43,-1.0,0,biopsy
he_1356.jpg,0,1,48,-1.0,0,biopsy
he_1357.jpg,0,1,56,-1.0,0,biopsy
he_1358.jpg,0,5,49,-1.0,2,biopsy
he_1359.jpg,0,1,36,-1.0,0,biopsy
he_1360.jpg,0,1,47,-1.0,0,biopsy
he_1361.jpg,0,3,39,-1.0,0,biopsy
he_1362.jpg,0,3,58,-1.0,0,biopsy
he_1363.jpg,0,4,47,-1.0,1,biopsy
he_1364.jpg,0,4,59,-1.0,1,biopsy
he_1365.jpg,0,4,58,-1.0,1,biopsy
he_1366.jpg,0,4,51,-1.0,1,biopsy
he_1367.jpg,0,2,45,-1.0,0,biopsy
he_1368.jpg,0,3,36,-1.0,0,biopsy
he_1369.jpg,0,1,20,-1.0,0,biopsy
he_1370.jpg,0,5,54,-1.0,2,biopsy
he_1371.jpg,0,2,60,-1.0,0,biopsy
he_1372.jpg,0,1,51,-1.0,0,biopsy
he_1373.jpg,0,3,54,-1.0,0,biopsy
he_1374.jpg,0,2,50,-1.0,0,biopsy
he_1375.jpg,0,4,53,-1.0,1,biopsy
he_1376.jpg,0,5,37,-1.0,2,biopsy
he_1377.jpg,0,5,56,-1.0,2,biopsy
he_1378.jpg,0,5,37,-1.0,2,biopsy
he_1379.jpg,0,3,39,-1.0,0,biopsy
he_1380.jpg,0,3,41,-1.0,0,biopsy
he_1381.jpg,0,5,56,-1.0,2,biopsy
he_1382.jpg,0,4,52,-1.0,1,biopsy
he_1383.jpg,0,1,52,-1.0,0,biopsy
he_1384.jpg,0,1,51,-1.0,0,biopsy
he_1385.jpg,0,5,50,-1.0,2,biopsy
he_1386.jpg,0,5,37,-1.0,2,biopsy
he_1387.jpg,0,4,48,-1.0,1,biopsy
he_1388.jpg,0,5,50,-1.0,2,biopsy
he_1389.jpg,0,2,55,-1.0,0,biopsy
he_1390.jpg,0,1,43,-1.0,0,biopsy
he_1391.jpg,0,4,34,-1.0,1,biopsy
he_1392.jpg,0,2,38,-1.0,0,biopsy
he_1393.jpg,0,1,51,-1.0,0,biopsy
he_1394.jpg,0,4,37,-1.0,1,biopsy
he_1395.jpg,0,4,51,-1.0,1,biopsy
he_1396.jpg,0,4,52,-1.0,1,biopsy
he_1397.jpg,0,1,50,-1.0,0,biopsy
he_1398.jpg,0,2,53,-1.0,0,biopsy
he_1399.jpg,0,5,44,-1.0,2,biopsy
he_1400.jpg,0,1,33,-1.0,0,biopsy
he_1401.jpg,0,2,61,-1.0,0,biopsy
he_1402.jpg,0,5,56,-1.0,2,biopsy
he_1403.jpg,0,2,52,-1.0,0,biopsy
he_1404.jpg,0,3,61,-1.0,0,biopsy
he_1405.jpg,0,1,46,-1.0,0,biopsy
he_1406.jpg,0,1,51,-1.0,0,biopsy
he_1407.jpg,0,2,39,-1.0,0,biopsy
he_1408.jpg,0,5,34,-1.0,2,biopsy
he_1409.jpg,0,5,56,-1.0,2,biopsy
he_1410.jpg,0,4,55,-1.0,1,biopsy
he_1411.jpg,0,1,45,-1.0,0,biopsy
he_1412.jpg,0,3,57,-1.0,0,biopsy
he_1413.jpg,0,3,50,-1.0,0,biopsy
he_1414.jpg,0,5,48,-1.0,2,biopsy
he_1415.jpg,0,2,53,-1.0,0,biopsy
he_1416.jpg,0,3,51,-1.0,0,biopsy
he_1417.jpg,0,1,35,-1.0,0,biopsy
he_1418.jpg,0,1,44,-1.0,0,biopsy
he_1419.jpg,0,2,36,-1.0,0,biopsy
he_1420.jpg,0,5,44,-1.0,2,biopsy
he_1421.jpg,0,3,54,-1.0,0,biopsy
he_1422.jpg,0,1,47,-1.0,0,biopsy
he_1423.jpg,0,5,49,-1.0,2,biopsy
he_1424.jpg,0,4,37,-1.0,1,biopsy
he_1425.jpg,0,1,48,-1.0,0,biopsy
he_1426.jpg,0,3,49,-1.0,0,biopsy
he_1427.jpg,0,4,47,-1.0,1,biopsy
he_1428.jpg,0,3,47,-1.0,0,biopsy
he_1429.jpg,0,1,44,-1.0,0,biopsy
he_1430.jpg,0,2,47,-1.0,0,biopsy
he_1431.jpg,0,4,55,-1.0,1,biopsy
he_1432.jpg,0,3,48,-1.0,0,biopsy
he_1433.jpg,0,4,51,-1.0,1,biopsy
he_1434.jpg,0,3,14,-1.0,0,biopsy
he_1435.jpg,0,4,49,-1.0,1,biopsy
he_1436.jpg,0,3,44,-1.0,0,biopsy
he_1437.jpg,0,2,34,-1.0,0,biopsy
he_1438.jpg,0,2,55,-1.0,0,biopsy
he_1439.jpg,0,5,42,-1.0,2,biopsy
he_1440.jpg,0,3,49,-1.0,0,biopsy
he_1441.jpg,0,3,38,-1.0,0,biopsy
he_1442.jpg,0,3,50,-1.0,0,biopsy
he_1443.jpg,0,2,51,-1.0,0,biopsy
he_1444.jpg,0,4,46,-1.0,1,biopsy
he_1445.jpg,0,1,44,-1.0,0,biopsy
he_1446.jpg,0,2,52,-1.0,0,biopsy
he_1447.jpg,0,5,49,-1.0,2,biopsy
he_1448.jpg,0,4,51,-1.0,1,biopsy
he_1449.jpg,0,1,58,-1.0,0,biopsy
he_1450.jpg,0,3,59,-1.0,0,biopsy
he_1451.jpg,0,1,32,-1.0,0,biopsy
he_1452.jpg,0,1,44,-1.0,0,biopsy
he_1453.jpg,0,3,58,-1.0,0,biopsy
he_1454.jpg,0,2,46,-1.0,0,biopsy
he_1455.jpg,0,5,63,-1.0,2,biopsy
he_1456.jpg,0,2,61,-1.0,0,biopsy
he_1457.jpg,0,2,44,-1.0,0,biopsy
he_1458.jpg,0,2,50,-1.0,0,biopsy
he_1459.jpg,0,5,55,-1.0,2,biopsy
he_1460.jpg,0,3,43,-1.0,0,biopsy
he_1461.jpg,0,5,52,-1.0,2,biopsy
he_1462.jpg,0,3,50,-1.0,0,biopsy
he_1463.jpg,0,3,34,-1.0,0,biopsy
he_1464.jpg,0,4,50,-1.0,1,biopsy
he_1465.jpg,0,1,43,-1.0,0,biopsy
he_1466.jpg,0,1,47,-1.0,0,biopsy
he_1467.jpg,0,1,50,-1.0,0,biopsy
he_1468.jpg,0,1,34,-1.0,0,biopsy
he_1469.jpg,0,4,48,-1.0,1,biopsy
he_1470.jpg,0,4,45,-1.0,1,biopsy
he_1471.jpg,0,2,51,-1.0,0,biopsy
he_1472.jpg,0,3,53,-1.0,0,biopsy
he_1473.jpg,0,3,50,-1.0,0,biopsy
he_1474.jpg,0,5,54,-1.0,2,biopsy
he_1475.jpg,0,2,58,-1.0,0,biopsy
he_1476.jpg,0,4,42,-1.0,1,biopsy
he_1477.jpg,0,5,41,-1.0,2,biopsy
he_1478.jpg,0,4,48,-1.0,1,biopsy
he_1479.jpg,0,1,44,-1.0,0,biopsy
he_1480.jpg,0,4,63,-1.0,1,biopsy
he_1481.jpg,0,5,36,-1.0,2,biopsy
he_1482.jpg,0,4,41,-1.0,1,biopsy
he_1483.jpg,0,3,45,-1.0,0,biopsy
he_1484.jpg,0,4,38,-1.0,1,biopsy
he_1485.jpg,0,1,50,-1.0,0,biopsy
he_1486.jpg,0,1,47,-1.0,0,biopsy
he_1487.jpg,0,3,38,-1.0,0,biopsy
he_1488.jpg,0,5,57,-1.0,2,biopsy
he_1489.jpg,0,4,55,-1.0,1,biopsy
he_1490.jpg,0,5,47,-1.0,2,biopsy
he_1491.jpg,0,4,56,-1.0,1,biopsy
he_1492.jpg,0,1,40,-1.0,0,biopsy
he_1493.jpg,0,3,47,-1.0,0,biopsy
he_1494.jpg,0,2,54,-1.0,0,biopsy
he_1495.jpg,0,2,43,-1.0,0,biopsy
he_1496.jpg,0,5,47,-1.0,2,biopsy
he_1497.jpg,0,2,38,-1.0,0,biopsy
he_1498.jpg,0,2,45,-1.0,0,biopsy
he_1499.jpg,0,5,57,-1.0,2,biopsy
he_1500.jpg,0,4,49,-1.0,1,biopsy
he_1501.jpg,0,1,49,-1.0,0,biopsy
he_1502.jpg,0,5,27,-1.0,2,biopsy
he_1503.jpg,0,1,56,-1.0,0,biopsy
he_1504.jpg,0,1,38,-1.0,0,biopsy
he_1505.jpg,0,1,34,-1.0,0,biopsy
he_1506.jpg,0,2,39,-1.0,0,biopsy
he_1507.jpg,0,3,36,-1.0,0,biopsy
he_1508.jpg,0,5,40,-1.0,2,biopsy
he_1509.jpg,0,4,48,-1.0,1,biopsy
he_1510.jpg,0,2,38,-1.0,0,biopsy
he_1511.jpg,0,5,42,-1.0,2,biopsy
he_1512.jpg,0,3,44,-1.0,0,biopsy
he_1513.jpg,0,2,47,-1.0,0,biopsy
he_1514.jpg,0,3,54,-1.0,0,biopsy
he_1515.jpg,0,3,49,-1.0,0,biopsy
he_1516.jpg,0,2,49,-1.0,0,biopsy
he_1517.jpg,0,1,49,-1.0,0,biopsy
he_1518.jpg,0,3,43,-1.0,0,biopsy
he_1519.jpg,0,3,43,-1.0,0,biopsy
he_1520.jpg,0,1,51,-1.0,0,biopsy
he_1521.jpg,0,5,47,-1.0,2,biopsy
he_1522.jpg,0,5,53,-1.0,2,biopsy
he_1523.jpg,0,1,48,-1.0,0,biopsy
he_1524.jpg,0,4,35,-1.0,1,biopsy
he_1525.jpg,0,2,36,-1.0,0,biopsy
he_1526.jpg,0,4,52,-1.0,1,biopsy
he_1527.jpg,0,5,39,-1.0,2,biopsy
he_1528.jpg,0,5,46,-1.0,2,biopsy
he_1529.jpg,0,5,44,-1.0,2,biopsy
he_1530.jpg,0,3,48,-1.0,0,biopsy
he_1531.jpg,0,5,40,-1.0,2,biopsy
he_1532.jpg,0,3,53,-1.0,0,biopsy
he_1533.jpg,0,4,43,-1.0,1,biopsy
he_1534.jpg,0,5,49,-1.0,2,biopsy
he_1535.jpg,0,3,52,-1.0,0,biopsy
he_1536.jpg,0,1,51,-1.0,0,biopsy
he_1537.jpg,0,2,33,-1.0,0,biopsy
he_1538.jpg,0,4,45,-1.0,1,biopsy
he_1539.jpg,0,2,56,-1.0,0,biopsy
he_1540.jpg,0,1,44,-1.0,0,biopsy
he_1541.jpg,0,4,48,-1.0,1,biopsy
he_1542.jpg,0,1,42,-1.0,0,biopsy
he_1543.jpg,0,2,61,-1.0,0,biopsy
he_1544.jpg,0,2,40,-1.0,0,biopsy
he_1545.jpg,0,3,44,-1.0,0,biopsy
he_1546.jpg,0,4,51,-1.0,1,biopsy
he_1547.jpg,0,1,53,-1.0,0,biopsy
he_1548.jpg,0,2,42,-1.0,0,biopsy
he_1549.jpg,0,3,43,-1.0,0,biopsy
he_1550.jpg,0,2,50,-1.0,0,biopsy
he_1551.jpg,0,1,64,-1.0,0,biopsy
he_1552.jpg,0,3,47,-1.0,0,biopsy
he_1553.jpg,0,1,47,-1.0,0,biopsy
he_1554.jpg,0,3,56,-1.0,0,biopsy
he_1555.jpg,0,3,49,-1.0,0,biopsy
he_1556.jpg,0,4,42,-1.0,1,biopsy
he_1557.jpg,0,5,41,-1.0,2,biopsy
he_1558.jpg,0,4,49,-1.0,1,biopsy
he_1559.jpg,0,1,46,-1.0,0,biopsy
he_1560.jpg,0,4,47,-1.0,1,biopsy
he_1561.jpg,0,2,44,-1.0,0,biopsy
he_1562.jpg,0,5,54,-1.0,2,biopsy
he_1563.jpg,0,3,59,-1.0,0,biopsy
he_1564.jpg,0,1,44,-1.0,0,biopsy
he_1565.jpg,0,2,45,-1.0,0,biopsy
he_1566.jpg,0,1,46,-1.0,0,biopsy
he_1567.jpg,0,2,53,-1.0,0,biopsy
he_1568.jpg,0,2,41,-1.0,0,biopsy
he_1569.jpg,0,5,44,-1.0,2,biopsy
he_1570.jpg,0,3,43,-1.0,0,biopsy
he_1571.jpg,0,4,44,-1.0,1,biopsy
he_1572.jpg,0,4,51,-1.0,1,biopsy
he_1573.jpg,0,1,6,-1.0,0,biopsy
he_1574.jpg,0,2,59,-1.0,0,biopsy
he_1575.jpg,0,4,44,-1.0,1,biopsy
he_1576.jpg,0,1,46,-1.0,0,biopsy
he_1577.jpg,0,3,41,-1.0,0,biopsy
he_1578.jpg,0,2,41,-1.0,0,biopsy
he_1579.jpg,0,2,40,-1.0,0,biopsy
he_1580.jpg,0,5,59,-1.0,2,biopsy
he_1581.jpg,0,5,46,-1.0,2,biopsy
he_1582.jpg,0,1,47,-1.0,0,biopsy
he_1583.jpg,0,2,60,-1.0,0,biopsy
he_1584.jpg,0,1,47,-1.0,0,biopsy
he_1585.jpg,0,1,61,-1.0,0,biopsy
he_1586.jpg,0,4,44,-1.0,1,biopsy
he_1587.jpg,0,2,43,-1.0,0,biopsy
he_1588.jpg,0,4,46,-1.0,1,biopsy
he_1589.jpg,0,2,44,-1.0,0,biopsy
he_1590.jpg,0,3,37,-1.0,0,biopsy
he_1591.jpg,0,3,54,-1.0,0,biopsy
he_1592.jpg,0,4,56,-1.0,1,biopsy
he_1593.jpg,0,4,49,-1.0,1,biopsy
he_1594.jpg,0,3,45,-1.0,0,biopsy
he_1595.jpg,0,5,46,-1.0,2,biopsy
he_1596.jpg,0,1,52,-1.0,0,biopsy
he_1597.jpg,0,4,28,-1.0,1,biopsy
he_1598.jpg,0,2,51,-1.0,0,biopsy
he_1599.jpg,0,4,45,-1.0,1,biopsy
he_1600.jpg,0,5,62,-1.0,2,biopsy
he_1601.jpg,0,4,62,-1.0,1,biopsy
he_1602.jpg,0,4,38,-1.0,1,biopsy
he_1603.jpg,0,5,51,-1.0,2,biopsy
he_1604.jpg,0,5,52,-1.0,2,biopsy
he_1605.jpg,0,5,54,-1.0,2,biopsy
he_1606.jpg,0,5,29,-1.0,2,biopsy
he_1607.jpg,0,3,51,-1.0,0,biopsy
he_1608.jpg,0,4,44,-1.0,1,biopsy
he_1609.jpg,0,5,53,-1.0,2,biopsy
he_1610.jpg,0,2,47,-1.0,0,biopsy
he_1611.jpg,0,2,41,-1.0,0,biopsy
he_1612.jpg,0,4,48,-1.0,1,biopsy
he_1613.jpg,0,2,40,-1.0,0,biopsy
he_1614.jpg,1,5,46,-1.0,2,biopsy
he_1615.jpg,1,5,52,-1.0,2,biopsy
he_1616.jpg,1,5,33,-1.0,2,biopsy
he_1617.jpg,1,5,52,-1.0,2,biopsy
he_1618.jpg,1,4,41,-1.0,1,biopsy
he_1619.jpg,1,3,13,-1.0,0,biopsy
he_1620.jpg,1,4,59,-1.0,1,biopsy
he_1621.jpg,1,4,41,-1.0,1,biopsy
he_1622.jpg,1,1,52,-1.0,0,biopsy
he_1623.jpg,1,4,41,-1.0,1,biopsy
he_1624.jpg,1,3,34,-1.0,0,biopsy
he_1625.jpg,1,1,58,-1.0,0,biopsy
he_1626.jpg,1,4,35,-1.0,1,biopsy
he_1627.jpg,1,2,47,-1.0,0,biopsy
he_1628.jpg,1,2,58,-1.0,0,biopsy
he_1629.jpg,1,2,34,-1.0,0,biopsy
he_1630.jpg,1,1,44,-1.0,0,biopsy
he_1631.jpg,1,5,40,-1.0,2,biopsy
he_1632.jpg,1,1,44,-1.0,0,biopsy
he_1633.jpg,1,5,57,-1.0,2,biopsy
he_1634.jpg,1,4,24,-1.0,1,biopsy
he_1635.jpg,1,3,30,-1.0,0,biopsy
he_1636.jpg,1,3,50,-1.0,0,biopsy
he_1637.jpg,1,5,34,-1.0,2,biopsy
he_1638.jpg,1,4,43,-1.0,1,biopsy
he_1639.jpg,1,5,53,-1.0,2,biopsy
he_1640.jpg,1,4,54,-1.0,1,biopsy
he_1641.jpg,1,3,57,-1.0,0,biopsy
he_1642.jpg,1,1,48,-1.0,0,biopsy
he_1643.jpg,1,2,46,-1.0,0,biopsy
he_1644.jpg,1,2,32,-1.0,0,biopsy
he_1645.jpg,1,1,46,-1.0,0,biopsy
he_1646.jpg,1,5,34,-1.0,2,biopsy
he_1647.jpg,1,1,57,-1.0,0,biopsy
he_1648.jpg,1,3,32,-1.0,0,biopsy
he_1649.jpg,1,3,52,-1.0,0,biopsy
he_1650.jpg,1,4,39,-1.0,1,biopsy
he_1651.jpg,1,2,49,-1.0,0,biopsy
he_1652.jpg,1,2,50,-1.0,0,biopsy
he_1653.jpg,1,1,49,-1.0,0,biopsy
he_1654.jpg,1,4,30,-1.0,1,biopsy
he_1655.jpg,1,4,54,-1.0,1,biopsy
he_1656.jpg,1,1,60,-1.0,0,biopsy
he_1657.jpg,1,3,36,-1.0,0,biopsy
he_1658.jpg,1,3,37,-1.0,0,biopsy
he_1659.jpg,1,1,32,-1.0,0,biopsy
he_1660.jpg,1,5,33,-1.0,2,biopsy
he_1661.jpg,1,5,55,-1.0,2,biopsy
he_1662.jpg,1,4,44,-1.0,1,biopsy
he_1663.jpg,1,1,40,-1.0,0,biopsy
he_1664.jpg,1,5,30,-1.0,2,biopsy
he_1665.jpg,1,4,36,-1.0,1,biopsy
he_1666.jpg,1,2,42,-1.0,0,biopsy
he_1667.jpg,1,5,64,-1.0,2,biopsy
he_1668.jpg,1,3,24,-1.0,0,biopsy
he_1669.jpg,1,2,46,-1.0,0,biopsy
he_1670.jpg,1,4,10,-1.0,1,biopsy
he_1671.jpg,1,4,42,-1.0,1,biopsy
he_1672.jpg,1,2,27,-1.0,0,biopsy
he_1673.jpg,1,1,40,-1.0,0,biopsy
he_1674.jpg,1,2,54,-1.0,0,biopsy
he_1675.jpg,1,3,38,-1.0,0,biopsy
he_1676.jpg,1,3,60,-1.0,0,biopsy
he_1677.jpg,1,3,48,-1.0,0,biopsy
he_1678.jpg,1,2,48,-1.0,0,biopsy
he_1679.jpg,1,5,31,-1.0,2,biopsy
he_1680.jpg,1,1,47,-1.0,0,biopsy
he_1681.jpg,1,4,42,-1.0,1,biopsy
he_1682.jpg,1,1,55,-1.0,0,biopsy
he_1683.jpg,1,1,46,-1.0,0,biopsy
he_1684.jpg,1,1,32,-1.0,0,biopsy
he_1685.jpg,1,4,53,-1.0,1,biopsy
he_1686.jpg,1,1,48,-1.0,0,biopsy
he_1687.jpg,1,5,43,-1.0,2,biopsy
he_1688.jpg,1,5,42,-1.0,2,biopsy
he_1689.jpg,1,5,49,-1.0,2,biopsy
he_1690.jpg,1,1,45,-1.0,0,biopsy
he_1691.jpg,1,4,32,-1.0,1,biopsy
he_1692.jpg,1,3,47,-1.0,0,biopsy
he_1693.jpg,1,1,37,-1.0,0,biopsy
he_1694.jpg,1,2,31,-1.0,0,biopsy
he_1695.jpg,1,1,48,-1.0,0,biopsy
he_1696.jpg,1,1,45,-1.0,0,biopsy
he_1697.jpg,1,3,48,-1.0,0,biopsy
he_1698.jpg,1,3,3,-1.0,0,biopsy
he_1699.jpg,1,3,63,-1.0,0,biopsy
he_1700.jpg,1,4,19,-1.0,1,biopsy
he_1701.jpg,1,5,54,-1.0,2,biopsy
he_1702.jpg,1,5,26,-1.0,2,biopsy
he_1703.jpg,1,3,51,-1.0,0,biopsy
he_1704.jpg,1,4,40,-1.0,1,biopsy
he_1705.jpg,1,5,23,-1.0,2,biopsy
he_1706.jpg,1,4,64,-1.0,1,biopsy
he_1707.jpg,1,1,46,-1.0,0,biopsy
he_1708.jpg,1,2,64,-1.0,0,biopsy
he_1709.jpg,1,2,50,-1.0,0,biopsy
he_1710.jpg,1,4,58,-1.0,1,biopsy
he_1711.jpg,1,3,46,-1.0,0,biopsy
he_1712.jpg,1,2,61,-1.0,0,biopsy
he_1713.jpg,1,5,35,-1.0,2,biopsy
he_1714.jpg,1,2,27,-1.0,0,biopsy
he_1715.jpg,1,1,27,-1.0,0,biopsy
he_1716.jpg,1,3,58,-1.0,0,biopsy
he_1717.jpg,1,5,38,-1.0,2,biopsy
he_1718.jpg,1,3,54,-1.0,0,biopsy
he_1719.jpg,1,4,45,-1.0,1,biopsy
he_1720.jpg,1,5,43,-1.0,2,biopsy
he_1721.jpg,1,4,51,-1.0,1,biopsy
he_1722.jpg,1,1,46,-1.0,0,biopsy
he_1723.jpg,1,4,41,-1.0,1,biopsy
he_1724.jpg,1,4,38,-1.0,1,biopsy
he_1725.jpg,1,1,24,-1.0,0,biopsy
he_1726.jpg,1,2,36,-1.0,0,biopsy
he_1727.jpg,1,4,35,-1.0,1,biopsy
he_1728.jpg,1,3,22,-1.0,0,biopsy
he_1729.jpg,1,4,43,-1.0,1,biopsy
he_1730.jpg,1,1,57,-1.0,0,biopsy
he_1731.jpg,1,4,41,-1.0,1,biopsy
he_1732.jpg,1,1,13,-1.0,0,biopsy
he_1733.jpg,1,4,47,-1.0,1,biopsy
he_1734.jpg,1,2,38,-1.0,0,biopsy
he_1735.jpg,1,3,42,-1.0,0,biopsy
he_1736.jpg,1,4,59,-1.0,1,biopsy
he_1737.jpg,1,4,43,-1.0,1,biopsy
he_1738.jpg,1,5,56,-1.0,2,biopsy
he_1739.jpg,1,3,43,-1.0,0,biopsy
he_1740.jpg,1,3,45,-1.0,0,biopsy
he_1741.jpg,1,1,13,-1.0,0,biopsy
he_1742.jpg,1,2,37,-1.0,0,biopsy
he_1743.jpg,1,3,60,-1.0,0,biopsy
he_1744.jpg,1,4,25,-1.0,1,biopsy
he_1745.jpg,1,5,30,-1.0,2,biopsy
he_1746.jpg,1,5,53,-1.0,2,biopsy
he_1747.jpg,1,4,17,-1.0,1,biopsy
he_1748.jpg,1,2,34,-1.0,0,biopsy
he_1749.jpg,1,5,49,-1.0,2,biopsy
he_1750.jpg,1,1,46,-1.0,0,biopsy
he_1751.jpg,1,5,43,-1.0,2,biopsy
he_1752.jpg,1,2,13,-1.0,0,biopsy
he_1753.jpg,1,4,57,-1.0,1,biopsy
he_1754.jpg,1,4,24,-1.0,1,biopsy
he_1755.jpg,1,1,19,-1.0,0,biopsy
he_1756.jpg,1,4,43,-1.0,1,biopsy
he_1757.jpg,1,4,52,-1.0,1,biopsy
he_1758.jpg,1,1,42,-1.0,0,biopsy
he_1759.jpg,1,2,19,-1.0,0,biopsy
he_1760.jpg,1,5,44,-1.0,2,biopsy
he_1761.jpg,1,1,42,-1.0,0,biopsy
he_1762.jpg,1,2,38,-1.0,0,biopsy
he_1763.jpg,1,4,36,-1.0,1,biopsy
he_1764.jpg,1,5,47,-1.0,2,biopsy
he_1765.jpg,1,3,49,-1.0,0,biopsy
he_1766.jpg,1,4,50,-1.0,1,biopsy
he_1767.jpg,1,3,30,-1.0,0,biopsy
he_1768.jpg,1,2,47,-1.0,0,biopsy
he_1769.jpg,1,2,52,-1.0,0,biopsy
he_1770.jpg,1,1,59,-1.0,0,biopsy
he_1771.jpg,1,1,35,-1.0,0,biopsy
he_1772.jpg,1,1,36,-1.0,0,biopsy
he_1773.jpg,1,5,48,-1.0,2,biopsy
he_1774.jpg,1,5,33,-1.0,2,biopsy
he_1775.jpg,1,5,45,-1.0,2,biopsy
he_1776.jpg,1,4,47,-1.0,1,biopsy
he_1777.jpg,1,5,58,-1.0,2,biopsy
he_1778.jpg,1,5,54,-1.0,2,biopsy
he_1779.jpg,1,3,17,-1.0,0,biopsy
he_1780.jpg,1,3,35,-1.0,0,biopsy
he_1781.jpg,1,1,43,-1.0,0,biopsy
he_1782.jpg,1,1,44,-1.0,0,biopsy
he_1783.jpg,1,1,64,-1.0,0,biopsy
he_1784.jpg,1,5,51,-1.0,2,biopsy
he_1785.jpg,1,2,21,-1.0,0,biopsy
he_1786.jpg,1,3,58,-1.0,0,biopsy
he_1787.jpg,1,5,30,-1.0,2,biopsy
he_1788.jpg,1,3,39,-1.0,0,biopsy
he_1789.jpg,1,3,38,-1.0,0,biopsy
he_1790.jpg,1,2,42,-1.0,0,biopsy
he_1791.jpg,1,4,34,-1.0,1,biopsy
he_1792.jpg,1,3,22,-1.0,0,biopsy
he_1793.jpg,1,3,39,-1.0,0,biopsy
he_1794.jpg,1,2,58,-1.0,0,biopsy
he_1795.jpg,1,1,36,-1.0,0,biopsy
he_1796.jpg,1,1,31,-1.0,0,biopsy
he_1797.jpg,1,2,29,-1.0,0,biopsy
he_1798.jpg,1,2,51,-1.0,0,biopsy
he_1799.jpg,1,1,55,-1.0,0,biopsy
he_1800.jpg,1,4,53,-1.0,1,biopsy
he_1801.jpg,1,5,60,-1.0,2,biopsy
he_1802.jpg,1,2,46,-1.0,0,biopsy
he_1803.jpg,1,5,49,-1.0,2,biopsy
he_1804.jpg,1,2,47,-1.0,0,biopsy
he_1805.jpg,1,3,36,-1.0,0,biopsy
he_1806.jpg,1,4,40,-1.0,1,biopsy
he_1807.jpg,1,2,47,-1.0,0,biopsy
he_1808.jpg,1,3,43,-1.0,0,biopsy
he_1809.jpg,1,1,36,-1.0,0,biopsy
he_1810.jpg,1,1,50,-1.0,0,biopsy
he_1811.jpg,1,2,50,-1.0,0,biopsy
he_1812.jpg,1,4,56,-1.0,1,biopsy
he_1813.jpg,1,3,45,-1.0,0,biopsy
he_1814.jpg,1,1,29,-1.0,0,biopsy
he_1815.jpg,1,2,44,-1.0,0,biopsy
he_1816.jpg,1,5,39,-1.0,2,biopsy
he_1817.jpg,1,3,44,-1.0,0,biopsy
he_1818.jpg,1,3,55,-1.0,0,biopsy
he_1819.jpg,1,2,40,-1.0,0,biopsy
he_1820.jpg,1,4,48,-1.0,1,biopsy
he_1821.jpg,1,4,51,-1.0,1,biopsy
he_1822.jpg,1,3,17,-1.0,0,biopsy
he_1823.jpg,1,2,52,-1.0,0,biopsy
he_1824.jpg,1,1,21,-1.0,0,biopsy
he_1825.jpg,1,1,59,-1.0,0,biopsy
he_1826.jpg,1,3,33,-1.0,0,biopsy
he_1827.jpg,1,5,38,-1.0,2,biopsy
he_1828.jpg,1,2,48,-1.0,0,biopsy
he_1829.jpg,1,4,57,-1.0,1,biopsy
he_1830.jpg,1,2,50,-1.0,0,biopsy
he_1831.jpg,1,4,18,-1.0,1,biopsy
he_1832.jpg,1,3,51,-1.0,0,biopsy
he_1833.jpg,1,2,47,-1.0,0,biopsy
he_1834.jpg,1,4,42,-1.0,1,biopsy
he_1835.jpg,1,2,42,-1.0,0,biopsy
he_1836.jpg,1,2,55,-1.0,0,biopsy
he_1837.jpg,1,3,53,-1.0,0,biopsy
he_1838.jpg,1,3,40,-1.0,0,biopsy
he_1839.jpg,1,1,25,-1.0,0,biopsy
he_1840.jpg,1,2,38,-1.0,0,biopsy
he_1841.jpg,1,3,43,-1.0,0,biopsy
he_1842.jpg,1,1,37,-1.0,0,biopsy
he_1843.jpg,1,5,36,-1.0,2,biopsy
he_1844.jpg,1,4,46,-1.0,1,biopsy
he_1845.jpg,1,2,32,-1.0,0,biopsy
he_1846.jpg,1,2,52,-1.0,0,biopsy
he_1847.jpg,1,1,27,-1.0,0,biopsy
he_1848.jpg,1,4,55,-1.0,1,biopsy
he_1849.jpg,1,1,51,-1.0,0,biopsy
he_1850.jpg,1,3,47,-1.0,0,biopsy
he_1851.jpg,1,4,46,-1.0,1,biopsy
he_1852.jpg,1,5,35,-1.0,2,biopsy
he_1853.jpg,1,1,52,-1.0,0,biopsy
he_1854.jpg,1,4,30,-1.0,1,biopsy
he_1855.jpg,1,5,55,-1.0,2,biopsy
he_1856.jpg,1,1,45,-1.0,0,biopsy
he_1857.jpg,1,3,44,-1.0,0,biopsy
he_1858.jpg,1,2,29,-1.0,0,biopsy
he_1859.jpg,1,3,46,-1.0,0,biopsy
he_1860.jpg,1,3,43,-1.0,0,biopsy
he_1861.jpg,1,3,54,-1.0,0,biopsy
he_1862.jpg,1,2,40,-1.0,0,biopsy
he_1863.jpg,1,4,39,-1.0,1,biopsy
he_1864.jpg,1,4,31,-1.0,1,biopsy
he_1865.jpg,1,5,57,-1.0,2,biopsy
he_1866.jpg,1,3,50,-1.0,0,biopsy
he_1867.jpg,1,1,33,-1.0,0,biopsy
he_1868.jpg,1,2,39,-1.0,0,biopsy
he_1869.jpg,1,4,33,-1.0,1,biopsy
he_1870.jpg,1,5,41,-1.0,2,biopsy
he_1871.jpg,1,3,44,-1.0,0,biopsy
he_1872.jpg,1,4,58,-1.0,1,biopsy
he_1873.jpg,1,5,53,-1.0,2,biopsy
he_1874.jpg,1,4,50,-1.0,1,biopsy
he_1875.jpg,1,2,53,-1.0,0,biopsy
he_1876.jpg,1,5,34,-1.0,2,biopsy
he_1877.jpg,1,3,57,-1.0,0,biopsy
he_1878.jpg,1,3,40,-1.0,0,biopsy
he_1879.jpg,1,3,58,-1.0,0,biopsy
he_1880.jpg,1,2,48,-1.0,0,biopsy
he_1881.jpg,1,1,50,-1.0,0,biopsy
he_1882.jpg,1,1,26,-1.0,0,biopsy
he_1883.jpg,1,4,46,-1.0,1,biopsy
he_1884.jpg,1,2,45,-1.0,0,biopsy
he_1885.jpg,1,2,57,-1.0,0,biopsy
he_1886.jpg,1,1,43,-1.0,0,biopsy
he_1887.jpg,1,5,37,-1.0,2,biopsy
he_1888.jpg,1,2,12,-1.0,0,biopsy
he_1889.jpg,1,1,36,-1.0,0,biopsy
he_1890.jpg,1,3,46,-1.0,0,biopsy
he_1891.jpg,1,5,46,-1.0,2,biopsy
he_1892.jpg,1,4,33,-1.0,1,biopsy
he_1893.jpg,1,1,55,-1.0,0,biopsy
he_1894.jpg,1,5,45,-1.0,2,biopsy
he_1895.jpg,1,3,41,-1.0,0,biopsy
he_1896.jpg,1,3,43,-1.0,0,biopsy
he_1897.jpg,1,3,48,-1.0,0,biopsy
he_1898.jpg,1,3,48,-1.0,0,biopsy
he_1899.jpg,1,3,42,-1.0,0,biopsy
he_1900.jpg,1,1,57,-1.0,0,biopsy
he_1901.jpg,1,2,59,-1.0,0,biopsy
he_1902.jpg,1,2,41,-1.0,0,biopsy
he_1903.jpg,1,3,27,-1.0,0,biopsy
he_1904.jpg,1,1,46,-1.0,0,biopsy
he_1905.jpg,1,3,38,-1.0,0,biopsy
he_1906.jpg,1,3,37,-1.0,0,biopsy
he_1907.jpg,1,1,39,-1.0,0,biopsy
he_1908.jpg,1,2,58,-1.0,0,biopsy
he_1909.jpg,1,2,44,-1.0,0,biopsy
he_1910.jpg,1,5,43,-1.0,2,biopsy
he_1911.jpg,1,5,43,-1.0,2,biopsy
he_1912.jpg,1,5,54,-1.0,2,biopsy
he_1913.jpg,1,3,43,-1.0,0,biopsy
he_1914.jpg,1,3,46,-1.0,0,biopsy
he_1915.jpg,1,3,48,-1.0,0,biopsy
he_1916.jpg,1,4,31,-1.0,1,biopsy
he_1917.jpg,1,5,54,-1.0,2,biopsy
he_1918.jpg,1,3,58,-1.0,0,biopsy
he_1919.jpg,1,4,56,-1.0,1,biopsy
he_1920.jpg,1,4,56,-1.0,1,biopsy
he_1921.jpg,1,4,48,-1.0,1,biopsy
he_1922.jpg,1,4,57,-1.0,1,biopsy
he_1923.jpg,1,3,51,-1.0,0,biopsy
he_1924.jpg,1,3,57,-1.0,0,biopsy
he_1925.jpg,1,3,34,-1.0,0,biopsy
he_1926.jpg,1,2,26,-1.0,0,biopsy
he_1927.jpg,1,2,21,-1.0,0,biopsy
he_1928.jpg,1,1,50,-1.0,0,biopsy
he_1929.jpg,1,5,23,-1.0,2,biopsy
he_1930.jpg,1,2,38,-1.0,0,biopsy
he_1931.jpg,1,2,33,-1.0,0,biopsy
he_1932.jpg,1,3,43,-1.0,0,biopsy
he_1933.jpg,1,2,26,-1.0,0,biopsy
he_1934.jpg,1,2,32,-1.0,0,biopsy
he_1935.jpg,1,2,41,-1.0,0,biopsy
he_1936.jpg,1,4,36,-1.0,1,biopsy
he_1937.jpg,1,2,42,-1.0,0,biopsy
he_1938.jpg,1,2,14,-1.0,0,biopsy
he_1939.jpg,1,1,58,-1.0,0,biopsy
he_1940.jpg,1,4,45,-1.0,1,biopsy
he_1941.jpg,1,3,44,-1.0,0,biopsy
he_1942.jpg,1,1,44,-1.0,0,biopsy
he_1943.jpg,1,5,47,-1.0,2,biopsy
he_1944.jpg,1,4,49,-1.0,1,biopsy
he_1945.jpg,1,5,41,-1.0,2,biopsy
he_1946.jpg,1,1,43,-1.0,0,biopsy
he_1947.jpg,1,3,31,-1.0,0,biopsy
he_1948.jpg,1,4,34,-1.0,1,biopsy
he_1949.jpg,1,5,38,-1.0,2,biopsy
he_1950.jpg,1,2,62,-1.0,0,biopsy
he_1951.jpg,1,5,36,-1.0,2,biopsy
he_1952.jpg,1,5,35,-1.0,2,biopsy
he_1953.jpg,1,5,35,-1.0,2,biopsy
he_1954.jpg,1,1,62,-1.0,0,biopsy
he_1955.jpg,1,1,49,-1.0,0,biopsy
he_1956.jpg,1,2,42,-1.0,0,biopsy
he_1957.jpg,1,2,36,-1.0,0,biopsy
he_1958.jpg,1,3,26,-1.0,0,biopsy
he_1959.jpg,1,1,39,-1.0,0,biopsy
he_1960.jpg,1,2,39,-1.0,0,biopsy
he_1961.jpg,1,3,29,-1.0,0,biopsy
he_1962.jpg,1,2,52,-1.0,0,biopsy
he_1963.jpg,1,4,25,-1.0,1,biopsy
he_1964.jpg,1,1,14,-1.0,0,biopsy
he_1965.jpg,1,1,52,-1.0,0,biopsy
he_1966.jpg,1,2,27,-1.0,0,biopsy
he_1967.jpg,1,4,47,-1.0,1,biopsy
he_1968.jpg,1,3,37,-1.0,0,biopsy
he_1969.jpg,1,4,24,-1.0,1,biopsy
he_1970.jpg,1,1,34,-1.0,0,biopsy
he_1971.jpg,1,2,50,-1.0,0,biopsy
he_1972.jpg,1,3,45,-1.0,0,biopsy
he_1973.jpg,1,4,64,-1.0,1,biopsy
he_1974.jpg,1,4,54,-1.0,1,biopsy
he_1975.jpg,1,3,51,-1.0,0,biopsy
he_1976.jpg,1,5,48,-1.0,2,biopsy
he_1977.jpg,1,3,35,-1.0,0,biopsy
he_1978.jpg,1,3,53,-1.0,0,biopsy
he_1979.jpg,1,3,43,-1.0,0,biopsy
he_1980.jpg,1,1,38,-1.0,0,biopsy
he_1981.jpg,1,5,43,-1.0,2,biopsy
he_1982.jpg,1,5,64,-1.0,2,biopsy
he_1983.jpg,1,4,43,-1.0,1,biopsy
he_1984.jpg,1,1,56,-1.0,0,biopsy
he_1985.jpg,1,3,54,-1.0,0,biopsy
he_1986.jpg,1,1,48,-1.0,0,biopsy
he_1987.jpg,1,4,49,-1.0,1,biopsy
he_1988.jpg,1,4,45,-1.0,1,biopsy
he_1989.jpg,1,1,46,-1.0,0,biopsy
he_1990.jpg,1,2,37,-1.0,0,biopsy
he_1991.jpg,1,4,44,-1.0,1,biopsy
he_1992.jpg,1,1,34,-1.0,0,biopsy
he_1993.jpg,1,1,26,-1.0,0,biopsy
he_1994.jpg,1,2,56,-1.0,0,biopsy
he_1995.jpg,1,5,38,-1.0,2,biopsy
he_1996.jpg,1,5,60,-1.0,2,biopsy
he_1997.jpg,1,4,48,-1.0,1,biopsy
he_1998.jpg,1,2,41,-1.0,0,biopsy
he_1999.jpg,1,4,26,-1.0,1,biopsy
he_2000.jpg,1,3,32,-1.0,0,biopsy
he_2001.jpg,1,1,31,-1.0,0,biopsy
he_2002.jpg,1,1,25,-1.0,0,biopsy
he_2003.jpg,1,3,46,-1.0,0,biopsy
he_2004.jpg,1,4,55,-1.0,1,biopsy
he_2005.jpg,1,3,49,-1.0,0,biopsy
he_2006.jpg,1,2,43,-1.0,0,biopsy
he_2007.jpg,1,3,39,-1.0,0,biopsy
he_2008.jpg,1,1,46,-1.0,0,biopsy
he_2009.jpg,1,4,31,-1.0,1,biopsy
he_2010.jpg,1,1,50,-1.0,0,biopsy
he_2011.jpg,1,1,41,-1.0,0,biopsy
he_2012.jpg,1,4,38,-1.0,1,biopsy
he_2013.jpg,1,5,20,-1.0,2,biopsy
he_2014.jpg,1,1,58,-1.0,0,biopsy
he_2015.jpg,1,2,19,-1.0,0,biopsy
he_2016.jpg,1,4,30,-1.0,1,biopsy
he_2017.jpg,1,5,54,-1.0,2,biopsy
he_2018.jpg,1,1,29,-1.0,0,biopsy
he_2019.jpg,1,1,35,-1.0,0,biopsy
he_2020.jpg,1,1,60,-1.0,0,biopsy
he_2021.jpg,1,3,58,-1.0,0,biopsy
he_2022.jpg,1,4,37,-1.0,1,biopsy
he_2023.jpg,1,1,45,-1.0,0,biopsy
he_2024.jpg,1,5,61,-1.0,2,biopsy
he_2025.jpg,1,2,38,-1.0,0,biopsy
he_2026.jpg,1,5,21,-1.0,2,biopsy
he_2027.jpg,1,5,47,-1.0,2,biopsy
he_2028.jpg,1,2,48,-1.0,0,biopsy
he_2029.jpg,1,4,32,-1.0,1,biopsy
he_2030.jpg,1,1,41,-1.0,0,biopsy
he_2031.jpg,1,1,41,-1.0,0,biopsy
he_2032.jpg,1,5,48,-1.0,2,biopsy
he_2033.jpg,1,4,53,-1.0,1,biopsy
he_2034.jpg,1,2,56,-1.0,0,biopsy
he_2035.jpg,1,2,57,-1.0,0,biopsy
he_2036.jpg,1,1,55,-1.0,0,biopsy
he_2037.jpg,1,4,50,-1.0,1,biopsy
he_2038.jpg,1,3,31,-1.0,0,biopsy
he_2039.jpg,1,5,34,-1.0,2,biopsy
he_2040.jpg,1,4,48,-1.0,1,biopsy
he_2041.jpg,1,5,40,-1.0,2,biopsy
he_2042.jpg,1,2,22,-1.0,0,biopsy
he_2043.jpg,1,4,33,-1.0,1,biopsy
he_2044.jpg,1,4,46,-1.0,1,biopsy
he_2045.jpg,1,3,45,-1.0,0,biopsy
he_2046.jpg,1,5,29,-1.0,2,biopsy
he_2047.jpg,1,2,23,-1.0,0,biopsy
he_2048.jpg,1,3,61,-1.0,0,biopsy
he_2049.jpg,1,3,30,-1.0,0,biopsy
he_2050.jpg,1,1,55,-1.0,0,biopsy
he_2051.jpg,1,1,49,-1.0,0,biopsy
he_2052.jpg,1,5,36,-1.0,2,biopsy
he_2053.jpg,1,3,41,-1.0,0,biopsy
he_2054.jpg,1,1,39,-1.0,0,biopsy
he_2055.jpg,1,5,24,-1.0,2,biopsy
he_2056.jpg,1,3,51,-1.0,0,biopsy
he_2057.jpg,1,4,47,-1.0,1,biopsy
he_2058.jpg,1,5,31,-1.0,2,biopsy
he_2059.jpg,1,1,31,-1.0,0,biopsy
he_2060.jpg,1,4,51,-1.0,1,biopsy
he_2061.jpg,1,5,63,-1.0,2,biopsy
he_2062.jpg,1,2,41,-1.0,0,biopsy
he_2063.jpg,1,5,20,-1.0,2,biopsy
he_2064.jpg,1,5,14,-1.0,2,biopsy
he_2065.jpg,1,3,32,-1.0,0,biopsy
he_2066.jpg,1,2,37,-1.0,0,biopsy
he_2067.jpg,1,5,45,-1.0,2,biopsy
he_2068.jpg,1,2,31,-1.0,0,biopsy
he_2069.jpg,1,3,48,-1.0,0,biopsy
he_2070.jpg,1,2,51,-1.0,0,biopsy
he_2071.jpg,1,5,36,-1.0,2,biopsy
he_2072.jpg,1,1,29,-1.0,0,biopsy
he_2073.jpg,1,4,40,-1.0,1,biopsy
he_2074.jpg,1,4,30,-1.0,1,biopsy
he_2075.jpg,1,5,22,-1.0,2,biopsy
he_2076.jpg,1,5,35,-1.0,2,biopsy
he_2077.jpg,1,5,49,-1.0,2,biopsy
he_2078.jpg,1,1,34,-1.0,0,biopsy
he_2079.jpg,1,2,46,-1.0,0,biopsy
he_2080.jpg,1,4,45,-1.0,1,biopsy
he_2081.jpg,1,4,48,-1.0,1,biopsy
he_2082.jpg,1,1,31,-1.0,0,biopsy
he_2083.jpg,1,2,40,-1.0,0,biopsy
he_2084.jpg,1,3,44,-1.0,0,biopsy
he_2085.jpg,1,1,28,-1.0,0,biopsy
he_2086.jpg,1,2,52,-1.0,0,biopsy
he_2087.jpg,1,2,37,-1.0,0,biopsy
he_2088.jpg,1,3,39,-1.0,0,biopsy
he_2089.jpg,1,2,50,-1.0,0,biopsy
he_2090.jpg,1,1,60,-1.0,0,biopsy
he_2091.jpg,1,5,42,-1.0,2,biopsy
he_2092.jpg,1,5,31,-1.0,2,biopsy
he_2093.jpg,1,5,38,-1.0,2,biopsy
he_2094.jpg,1,5,52,-1.0,2,biopsy
he_2095.jpg,1,2,31,-1.0,0,biopsy
he_2096.jpg,1,1,28,-1.0,0,biopsy
he_2097.jpg,1,3,25,-1.0,0,biopsy
he_2098.jpg,1,2,32,-1.0,0,biopsy
he_2099.jpg,1,2,27,-1.0,0,biopsy
he_2100.jpg,1,3,21,-1.0,0,biopsy
he_2101.jpg,1,1,34,-1.0,0,biopsy
he_2102.jpg,1,3,45,-1.0,0,biopsy
he_2103.jpg,1,5,41,-1.0,2,biopsy
he_2104.jpg,1,5,62,-1.0,2,biopsy
he_2105.jpg,1,5,53,-1.0,2,biopsy
he_2106.jpg,1,2,43,-1.0,0,biopsy
he_2107.jpg,1,5,15,-1.0,2,biopsy
he_2108.jpg,1,2,61,-1.0,0,biopsy
he_2109.jpg,1,4,49,-1.0,1,biopsy
he_2110.jpg,1,3,23,-1.0,0,biopsy
he_2111.jpg,1,1,34,-1.0,0,biopsy
he_2112.jpg,1,4,58,-1.0,1,biopsy
he_2113.jpg,1,5,40,-1.0,2,biopsy
he_2114.jpg,1,4,39,-1.0,1,biopsy
he_2115.jpg,1,4,37,-1.0,1,biopsy
he_2116.jpg,1,1,23,-1.0,0,biopsy
he_2117.jpg,1,4,52,-1.0,1,biopsy
he_2118.jpg,1,5,46,-1.0,2,biopsy
he_2119.jpg,1,5,22,-1.0,2,biopsy
he_2120.jpg,1,5,19,-1.0,2,biopsy
he_2121.jpg,1,4,10,-1.0,1,biopsy
he_2122.jpg,1,2,43,-1.0,0,biopsy
he_2123.jpg,1,4,16,-1.0,1,biopsy
he_2124.jpg,1,2,56,-1.0,0,biopsy
he_2125.jpg,1,5,41,-1.0,2,biopsy
he_2126.jpg,1,2,51,-1.0,0,biopsy
he_2127.jpg,1,3,30,-1.0,0,biopsy
he_2128.jpg,1,1,59,-1.0,0,biopsy
he_2129.jpg,1,5,46,-1.0,2,biopsy
he_2130.jpg,1,5,56,-1.0,2,biopsy
he_2131.jpg,1,2,64,-1.0,0,biopsy
he_2132.jpg,1,1,32,-1.0,0,biopsy
he_2133.jpg,1,3,56,-1.0,0,biopsy
he_2134.jpg,1,5,46,-1.0,2,biopsy
he_2135.jpg,1,4,53,-1.0,1,biopsy
he_2136.jpg,1,4,29,-1.0,1,biopsy
he_2137.jpg,1,3,35,-1.0,0,biopsy
he_2138.jpg,1,1,47,-1.0,0,biopsy
he_2139.jpg,1,5,56,-1.0,2,biopsy
he_2140.jpg,1,2,47,-1.0,0,biopsy
he_2141.jpg,1,2,43,-1.0,0,biopsy
he_2142.jpg,1,2,42,-1.0,0,biopsy
he_2143.jpg,1,5,46,-1.0,2,biopsy
he_2144.jpg,1,1,46,-1.0,0,biopsy
he_2145.jpg,1,5,45,-1.0,2,biopsy
he_2146.jpg,1,2,23,-1.0,0,biopsy
he_2147.jpg,1,3,26,-1.0,0,biopsy
he_2148.jpg,1,5,23,-1.0,2,biopsy
he_2149.jpg,1,4,43,-1.0,1,biopsy
he_2150.jpg,1,1,27,-1.0,0,biopsy
he_2151.jpg,1,5,41,-1.0,2,biopsy
he_2152.jpg,1,3,40,-1.0,0,biopsy
he_2153.jpg,1,5,45,-1.0,2,biopsy
he_2154.jpg,1,5,53,-1.0,2,biopsy
he_2155.jpg,1,2,40,-1.0,0,biopsy
he_2156.jpg,1,4,43,-1.0,1,biopsy
he_2157.jpg,1,5,42,-1.0,2,biopsy
he_2158.jpg,1,1,31,-1.0,0,biopsy
he_2159.jpg,1,4,39,-1.0,1,biopsy
he_2160.jpg,1,2,50,-1.0,0,biopsy
he_2161.jpg,1,3,33,-1.0,0,biopsy
he_2162.jpg,1,2,31,-1.0,0,biopsy
he_2163.jpg,1,3,47,-1.0,0,biopsy
he_2164.jpg,1,5,39,-1.0,2,biopsy
he_2165.jpg,1,1,40,-1.0,0,biopsy
he_2166.jpg,1,3,37,-1.0,0,biopsy
he_2167.jpg,1,2,53,-1.0,0,biopsy
he_2168.jpg,1,1,39,-1.0,0,biopsy
he_2169.jpg,1,5,35,-1.0,2,biopsy
he_2170.jpg,1,4,39,-1.0,1,biopsy
